Toughness,Save,Wounds,damage_avg,damage_1+,damage_2+,damage_3+,damage_4+,damage_5+,damage_6+,damage_7+,damage_8+,damage_9+
2,7,1,2.4306,0.9267,0.6877,0.4552,0.2472,0.0950,0.0187,0.0000,0.0000,0.0000
2,7,2,4.8611,0.9267,0.9267,0.6877,0.6877,0.4552,0.4552,0.2472,0.2472,0.0950
2,7,3,4.8611,0.9267,0.9267,0.6877,0.6877,0.4552,0.4552,0.2472,0.2472,0.0950
2,7,4,4.8611,0.9267,0.9267,0.6877,0.6877,0.4552,0.4552,0.2472,0.2472,0.0950
2,7,5,4.8611,0.9267,0.9267,0.6877,0.6877,0.4552,0.4552,0.2472,0.2472,0.0950
2,7,6,4.8611,0.9267,0.9267,0.6877,0.6877,0.4552,0.4552,0.2472,0.2472,0.0950
2,7,7,4.8611,0.9267,0.9267,0.6877,0.6877,0.4552,0.4552,0.2472,0.2472,0.0950
2,7,8,4.8611,0.9267,0.9267,0.6877,0.6877,0.4552,0.4552,0.2472,0.2472,0.0950
2,7,9,4.8611,0.9267,0.9267,0.6877,0.6877,0.4552,0.4552,0.2472,0.2472,0.0950
2,7,10,4.8611,0.9267,0.9267,0.6877,0.6877,0.4552,0.4552,0.2472,0.2472,0.0950
2,7,11,4.8611,0.9267,0.9267,0.6877,0.6877,0.4552,0.4552,0.2472,0.2472,0.0950
2,7,12,4.8611,0.9267,0.9267,0.6877,0.6877,0.4552,0.4552,0.2472,0.2472,0.0950
2,7,13,4.8611,0.9267,0.9267,0.6877,0.6877,0.4552,0.4552,0.2472,0.2472,0.0950
2,7,14,4.8611,0.9267,0.9267,0.6877,0.6877,0.4552,0.4552,0.2472,0.2472,0.0950
3,7,1,2.4306,0.9267,0.6877,0.4552,0.2472,0.0950,0.0187,0.0000,0.0000,0.0000
3,7,2,4.8611,0.9267,0.9267,0.6877,0.6877,0.4552,0.4552,0.2472,0.2472,0.0950
3,7,3,4.8611,0.9267,0.9267,0.6877,0.6877,0.4552,0.4552,0.2472,0.2472,0.0950
3,7,4,4.8611,0.9267,0.9267,0.6877,0.6877,0.4552,0.4552,0.2472,0.2472,0.0950
3,7,5,4.8611,0.9267,0.9267,0.6877,0.6877,0.4552,0.4552,0.2472,0.2472,0.0950
3,7,6,4.8611,0.9267,0.9267,0.6877,0.6877,0.4552,0.4552,0.2472,0.2472,0.0950
3,7,7,4.8611,0.9267,0.9267,0.6877,0.6877,0.4552,0.4552,0.2472,0.2472,0.0950
3,7,8,4.8611,0.9267,0.9267,0.6877,0.6877,0.4552,0.4552,0.2472,0.2472,0.0950
3,7,9,4.8611,0.9267,0.9267,0.6877,0.6877,0.4552,0.4552,0.2472,0.2472,0.0950
3,7,10,4.8611,0.9267,0.9267,0.6877,0.6877,0.4552,0.4552,0.2472,0.2472,0.0950
3,7,11,4.8611,0.9267,0.9267,0.6877,0.6877,0.4552,0.4552,0.2472,0.2472,0.0950
3,7,12,4.8611,0.9267,0.9267,0.6877,0.6877,0.4552,0.4552,0.2472,0.2472,0.0950
3,7,13,4.8611,0.9267,0.9267,0.6877,0.6877,0.4552,0.4552,0.2472,0.2472,0.0950
3,7,14,4.8611,0.9267,0.9267,0.6877,0.6877,0.4552,0.4552,0.2472,0.2472,0.0950
4,7,1,1.9444,0.8677,0.5777,0.3215,0.1354,0.0372,0.0049,0.0000,0.0000,0.0000
4,7,2,3.8889,0.8677,0.8677,0.5777,0.5777,0.3215,0.3215,0.1354,0.1354,0.0372
4,7,3,3.8889,0.8677,0.8677,0.5777,0.5777,0.3215,0.3215,0.1354,0.1354,0.0372
4,7,4,3.8889,0.8677,0.8677,0.5777,0.5777,0.3215,0.3215,0.1354,0.1354,0.0372
4,7,5,3.8889,0.8677,0.8677,0.5777,0.5777,0.3215,0.3215,0.1354,0.1354,0.0372
4,7,6,3.8889,0.8677,0.8677,0.5777,0.5777,0.3215,0.3215,0.1354,0.1354,0.0372
4,7,7,3.8889,0.8677,0.8677,0.5777,0.5777,0.3215,0.3215,0.1354,0.1354,0.0372
4,7,8,3.8889,0.8677,0.8677,0.5777,0.5777,0.3215,0.3215,0.1354,0.1354,0.0372
4,7,9,3.8889,0.8677,0.8677,0.5777,0.5777,0.3215,0.3215,0.1354,0.1354,0.0372
4,7,10,3.8889,0.8677,0.8677,0.5777,0.5777,0.3215,0.3215,0.1354,0.1354,0.0372
4,7,11,3.8889,0.8677,0.8677,0.5777,0.5777,0.3215,0.3215,0.1354,0.1354,0.0372
4,7,12,3.8889,0.8677,0.8677,0.5777,0.5777,0.3215,0.3215,0.1354,0.1354,0.0372
4,7,13,3.8889,0.8677,0.8677,0.5777,0.5777,0.3215,0.3215,0.1354,0.1354,0.0372
4,7,14,3.8889,0.8677,0.8677,0.5777,0.5777,0.3215,0.3215,0.1354,0.1354,0.0372
5,7,1,1.9444,0.8677,0.5777,0.3215,0.1354,0.0372,0.0049,0.0000,0.0000,0.0000
5,7,2,3.8889,0.8677,0.8677,0.5777,0.5777,0.3215,0.3215,0.1354,0.1354,0.0372
5,7,3,3.8889,0.8677,0.8677,0.5777,0.5777,0.3215,0.3215,0.1354,0.1354,0.0372
5,7,4,3.8889,0.8677,0.8677,0.5777,0.5777,0.3215,0.3215,0.1354,0.1354,0.0372
5,7,5,3.8889,0.8677,0.8677,0.5777,0.5777,0.3215,0.3215,0.1354,0.1354,0.0372
5,7,6,3.8889,0.8677,0.8677,0.5777,0.5777,0.3215,0.3215,0.1354,0.1354,0.0372
5,7,7,3.8889,0.8677,0.8677,0.5777,0.5777,0.3215,0.3215,0.1354,0.1354,0.0372
5,7,8,3.8889,0.8677,0.8677,0.5777,0.5777,0.3215,0.3215,0.1354,0.1354,0.0372
5,7,9,3.8889,0.8677,0.8677,0.5777,0.5777,0.3215,0.3215,0.1354,0.1354,0.0372
5,7,10,3.8889,0.8677,0.8677,0.5777,0.5777,0.3215,0.3215,0.1354,0.1354,0.0372
5,7,11,3.8889,0.8677,0.8677,0.5777,0.5777,0.3215,0.3215,0.1354,0.1354,0.0372
5,7,12,3.8889,0.8677,0.8677,0.5777,0.5777,0.3215,0.3215,0.1354,0.1354,0.0372
5,7,13,3.8889,0.8677,0.8677,0.5777,0.5777,0.3215,0.3215,0.1354,0.1354,0.0372
5,7,14,3.8889,0.8677,0.8677,0.5777,0.5777,0.3215,0.3215,0.1354,0.1354,0.0372
6,7,1,1.9444,0.8677,0.5777,0.3215,0.1354,0.0372,0.0049,0.0000,0.0000,0.0000
6,7,2,3.8889,0.8677,0.8677,0.5777,0.5777,0.3215,0.3215,0.1354,0.1354,0.0372
6,7,3,3.8889,0.8677,0.8677,0.5777,0.5777,0.3215,0.3215,0.1354,0.1354,0.0372
6,7,4,3.8889,0.8677,0.8677,0.5777,0.5777,0.3215,0.3215,0.1354,0.1354,0.0372
6,7,5,3.8889,0.8677,0.8677,0.5777,0.5777,0.3215,0.3215,0.1354,0.1354,0.0372
6,7,6,3.8889,0.8677,0.8677,0.5777,0.5777,0.3215,0.3215,0.1354,0.1354,0.0372
6,7,7,3.8889,0.8677,0.8677,0.5777,0.5777,0.3215,0.3215,0.1354,0.1354,0.0372
6,7,8,3.8889,0.8677,0.8677,0.5777,0.5777,0.3215,0.3215,0.1354,0.1354,0.0372
6,7,9,3.8889,0.8677,0.8677,0.5777,0.5777,0.3215,0.3215,0.1354,0.1354,0.0372
6,7,10,3.8889,0.8677,0.8677,0.5777,0.5777,0.3215,0.3215,0.1354,0.1354,0.0372
6,7,11,3.8889,0.8677,0.8677,0.5777,0.5777,0.3215,0.3215,0.1354,0.1354,0.0372
6,7,12,3.8889,0.8677,0.8677,0.5777,0.5777,0.3215,0.3215,0.1354,0.1354,0.0372
6,7,13,3.8889,0.8677,0.8677,0.5777,0.5777,0.3215,0.3215,0.1354,0.1354,0.0372
6,7,14,3.8889,0.8677,0.8677,0.5777,0.5777,0.3215,0.3215,0.1354,0.1354,0.0372
7,7,1,1.4583,0.7759,0.4310,0.1847,0.0556,0.0103,0.0009,0.0000,0.0000,0.0000
7,7,2,2.9167,0.7759,0.7759,0.4310,0.4310,0.1847,0.1847,0.0556,0.0556,0.0103
7,7,3,2.9167,0.7759,0.7759,0.4310,0.4310,0.1847,0.1847,0.0556,0.0556,0.0103
7,7,4,2.9167,0.7759,0.7759,0.4310,0.4310,0.1847,0.1847,0.0556,0.0556,0.0103
7,7,5,2.9167,0.7759,0.7759,0.4310,0.4310,0.1847,0.1847,0.0556,0.0556,0.0103
7,7,6,2.9167,0.7759,0.7759,0.4310,0.4310,0.1847,0.1847,0.0556,0.0556,0.0103
7,7,7,2.9167,0.7759,0.7759,0.4310,0.4310,0.1847,0.1847,0.0556,0.0556,0.0103
7,7,8,2.9167,0.7759,0.7759,0.4310,0.4310,0.1847,0.1847,0.0556,0.0556,0.0103
7,7,9,2.9167,0.7759,0.7759,0.4310,0.4310,0.1847,0.1847,0.0556,0.0556,0.0103
7,7,10,2.9167,0.7759,0.7759,0.4310,0.4310,0.1847,0.1847,0.0556,0.0556,0.0103
7,7,11,2.9167,0.7759,0.7759,0.4310,0.4310,0.1847,0.1847,0.0556,0.0556,0.0103
7,7,12,2.9167,0.7759,0.7759,0.4310,0.4310,0.1847,0.1847,0.0556,0.0556,0.0103
7,7,13,2.9167,0.7759,0.7759,0.4310,0.4310,0.1847,0.1847,0.0556,0.0556,0.0103
7,7,14,2.9167,0.7759,0.7759,0.4310,0.4310,0.1847,0.1847,0.0556,0.0556,0.0103
8,7,1,0.9722,0.6282,0.2552,0.0733,0.0139,0.0015,0.0001,0.0000,0.0000,0.0000
8,7,2,1.9444,0.6282,0.6282,0.2552,0.2552,0.0733,0.0733,0.0139,0.0139,0.0015
8,7,3,1.9444,0.6282,0.6282,0.2552,0.2552,0.0733,0.0733,0.0139,0.0139,0.0015
8,7,4,1.9444,0.6282,0.6282,0.2552,0.2552,0.0733,0.0733,0.0139,0.0139,0.0015
8,7,5,1.9444,0.6282,0.6282,0.2552,0.2552,0.0733,0.0733,0.0139,0.0139,0.0015
8,7,6,1.9444,0.6282,0.6282,0.2552,0.2552,0.0733,0.0733,0.0139,0.0139,0.0015
8,7,7,1.9444,0.6282,0.6282,0.2552,0.2552,0.0733,0.0733,0.0139,0.0139,0.0015
8,7,8,1.9444,0.6282,0.6282,0.2552,0.2552,0.0733,0.0733,0.0139,0.0139,0.0015
8,7,9,1.9444,0.6282,0.6282,0.2552,0.2552,0.0733,0.0733,0.0139,0.0139,0.0015
8,7,10,1.9444,0.6282,0.6282,0.2552,0.2552,0.0733,0.0733,0.0139,0.0139,0.0015
8,7,11,1.9444,0.6282,0.6282,0.2552,0.2552,0.0733,0.0733,0.0139,0.0139,0.0015
8,7,12,1.9444,0.6282,0.6282,0.2552,0.2552,0.0733,0.0733,0.0139,0.0139,0.0015
8,7,13,1.9444,0.6282,0.6282,0.2552,0.2552,0.0733,0.0733,0.0139,0.0139,0.0015
8,7,14,1.9444,0.6282,0.6282,0.2552,0.2552,0.0733,0.0733,0.0139,0.0139,0.0015
9,7,1,0.9722,0.6282,0.2552,0.0733,0.0139,0.0015,0.0001,0.0000,0.0000,0.0000
9,7,2,1.9444,0.6282,0.6282,0.2552,0.2552,0.0733,0.0733,0.0139,0.0139,0.0015
9,7,3,1.9444,0.6282,0.6282,0.2552,0.2552,0.0733,0.0733,0.0139,0.0139,0.0015
9,7,4,1.9444,0.6282,0.6282,0.2552,0.2552,0.0733,0.0733,0.0139,0.0139,0.0015
9,7,5,1.9444,0.6282,0.6282,0.2552,0.2552,0.0733,0.0733,0.0139,0.0139,0.0015
9,7,6,1.9444,0.6282,0.6282,0.2552,0.2552,0.0733,0.0733,0.0139,0.0139,0.0015
9,7,7,1.9444,0.6282,0.6282,0.2552,0.2552,0.0733,0.0733,0.0139,0.0139,0.0015
9,7,8,1.9444,0.6282,0.6282,0.2552,0.2552,0.0733,0.0733,0.0139,0.0139,0.0015
9,7,9,1.9444,0.6282,0.6282,0.2552,0.2552,0.0733,0.0733,0.0139,0.0139,0.0015
9,7,10,1.9444,0.6282,0.6282,0.2552,0.2552,0.0733,0.0733,0.0139,0.0139,0.0015
9,7,11,1.9444,0.6282,0.6282,0.2552,0.2552,0.0733,0.0733,0.0139,0.0139,0.0015
9,7,12,1.9444,0.6282,0.6282,0.2552,0.2552,0.0733,0.0733,0.0139,0.0139,0.0015
9,7,13,1.9444,0.6282,0.6282,0.2552,0.2552,0.0733,0.0733,0.0139,0.0139,0.0015
9,7,14,1.9444,0.6282,0.6282,0.2552,0.2552,0.0733,0.0733,0.0139,0.0139,0.0015
10,7,1,0.9722,0.6282,0.2552,0.0733,0.0139,0.0015,0.0001,0.0000,0.0000,0.0000
10,7,2,1.9444,0.6282,0.6282,0.2552,0.2552,0.0733,0.0733,0.0139,0.0139,0.0015
10,7,3,1.9444,0.6282,0.6282,0.2552,0.2552,0.0733,0.0733,0.0139,0.0139,0.0015
10,7,4,1.9444,0.6282,0.6282,0.2552,0.2552,0.0733,0.0733,0.0139,0.0139,0.0015
10,7,5,1.9444,0.6282,0.6282,0.2552,0.2552,0.0733,0.0733,0.0139,0.0139,0.0015
10,7,6,1.9444,0.6282,0.6282,0.2552,0.2552,0.0733,0.0733,0.0139,0.0139,0.0015
10,7,7,1.9444,0.6282,0.6282,0.2552,0.2552,0.0733,0.0733,0.0139,0.0139,0.0015
10,7,8,1.9444,0.6282,0.6282,0.2552,0.2552,0.0733,0.0733,0.0139,0.0139,0.0015
10,7,9,1.9444,0.6282,0.6282,0.2552,0.2552,0.0733,0.0733,0.0139,0.0139,0.0015
10,7,10,1.9444,0.6282,0.6282,0.2552,0.2552,0.0733,0.0733,0.0139,0.0139,0.0015
10,7,11,1.9444,0.6282,0.6282,0.2552,0.2552,0.0733,0.0733,0.0139,0.0139,0.0015
10,7,12,1.9444,0.6282,0.6282,0.2552,0.2552,0.0733,0.0733,0.0139,0.0139,0.0015
10,7,13,1.9444,0.6282,0.6282,0.2552,0.2552,0.0733,0.0733,0.0139,0.0139,0.0015
10,7,14,1.9444,0.6282,0.6282,0.2552,0.2552,0.0733,0.0733,0.0139,0.0139,0.0015
11,7,1,0.9722,0.6282,0.2552,0.0733,0.0139,0.0015,0.0001,0.0000,0.0000,0.0000
11,7,2,1.9444,0.6282,0.6282,0.2552,0.2552,0.0733,0.0733,0.0139,0.0139,0.0015
11,7,3,1.9444,0.6282,0.6282,0.2552,0.2552,0.0733,0.0733,0.0139,0.0139,0.0015
11,7,4,1.9444,0.6282,0.6282,0.2552,0.2552,0.0733,0.0733,0.0139,0.0139,0.0015
11,7,5,1.9444,0.6282,0.6282,0.2552,0.2552,0.0733,0.0733,0.0139,0.0139,0.0015
11,7,6,1.9444,0.6282,0.6282,0.2552,0.2552,0.0733,0.0733,0.0139,0.0139,0.0015
11,7,7,1.9444,0.6282,0.6282,0.2552,0.2552,0.0733,0.0733,0.0139,0.0139,0.0015
11,7,8,1.9444,0.6282,0.6282,0.2552,0.2552,0.0733,0.0733,0.0139,0.0139,0.0015
11,7,9,1.9444,0.6282,0.6282,0.2552,0.2552,0.0733,0.0733,0.0139,0.0139,0.0015
11,7,10,1.9444,0.6282,0.6282,0.2552,0.2552,0.0733,0.0733,0.0139,0.0139,0.0015
11,7,11,1.9444,0.6282,0.6282,0.2552,0.2552,0.0733,0.0733,0.0139,0.0139,0.0015
11,7,12,1.9444,0.6282,0.6282,0.2552,0.2552,0.0733,0.0733,0.0139,0.0139,0.0015
11,7,13,1.9444,0.6282,0.6282,0.2552,0.2552,0.0733,0.0733,0.0139,0.0139,0.0015
11,7,14,1.9444,0.6282,0.6282,0.2552,0.2552,0.0733,0.0733,0.0139,0.0139,0.0015
12,7,1,0.9722,0.6282,0.2552,0.0733,0.0139,0.0015,0.0001,0.0000,0.0000,0.0000
12,7,2,1.9444,0.6282,0.6282,0.2552,0.2552,0.0733,0.0733,0.0139,0.0139,0.0015
12,7,3,1.9444,0.6282,0.6282,0.2552,0.2552,0.0733,0.0733,0.0139,0.0139,0.0015
12,7,4,1.9444,0.6282,0.6282,0.2552,0.2552,0.0733,0.0733,0.0139,0.0139,0.0015
12,7,5,1.9444,0.6282,0.6282,0.2552,0.2552,0.0733,0.0733,0.0139,0.0139,0.0015
12,7,6,1.9444,0.6282,0.6282,0.2552,0.2552,0.0733,0.0733,0.0139,0.0139,0.0015
12,7,7,1.9444,0.6282,0.6282,0.2552,0.2552,0.0733,0.0733,0.0139,0.0139,0.0015
12,7,8,1.9444,0.6282,0.6282,0.2552,0.2552,0.0733,0.0733,0.0139,0.0139,0.0015
12,7,9,1.9444,0.6282,0.6282,0.2552,0.2552,0.0733,0.0733,0.0139,0.0139,0.0015
12,7,10,1.9444,0.6282,0.6282,0.2552,0.2552,0.0733,0.0733,0.0139,0.0139,0.0015
12,7,11,1.9444,0.6282,0.6282,0.2552,0.2552,0.0733,0.0733,0.0139,0.0139,0.0015
12,7,12,1.9444,0.6282,0.6282,0.2552,0.2552,0.0733,0.0733,0.0139,0.0139,0.0015
12,7,13,1.9444,0.6282,0.6282,0.2552,0.2552,0.0733,0.0733,0.0139,0.0139,0.0015
12,7,14,1.9444,0.6282,0.6282,0.2552,0.2552,0.0733,0.0733,0.0139,0.0139,0.0015
13,7,1,0.9722,0.6282,0.2552,0.0733,0.0139,0.0015,0.0001,0.0000,0.0000,0.0000
13,7,2,1.9444,0.6282,0.6282,0.2552,0.2552,0.0733,0.0733,0.0139,0.0139,0.0015
13,7,3,1.9444,0.6282,0.6282,0.2552,0.2552,0.0733,0.0733,0.0139,0.0139,0.0015
13,7,4,1.9444,0.6282,0.6282,0.2552,0.2552,0.0733,0.0733,0.0139,0.0139,0.0015
13,7,5,1.9444,0.6282,0.6282,0.2552,0.2552,0.0733,0.0733,0.0139,0.0139,0.0015
13,7,6,1.9444,0.6282,0.6282,0.2552,0.2552,0.0733,0.0733,0.0139,0.0139,0.0015
13,7,7,1.9444,0.6282,0.6282,0.2552,0.2552,0.0733,0.0733,0.0139,0.0139,0.0015
13,7,8,1.9444,0.6282,0.6282,0.2552,0.2552,0.0733,0.0733,0.0139,0.0139,0.0015
13,7,9,1.9444,0.6282,0.6282,0.2552,0.2552,0.0733,0.0733,0.0139,0.0139,0.0015
13,7,10,1.9444,0.6282,0.6282,0.2552,0.2552,0.0733,0.0733,0.0139,0.0139,0.0015
13,7,11,1.9444,0.6282,0.6282,0.2552,0.2552,0.0733,0.0733,0.0139,0.0139,0.0015
13,7,12,1.9444,0.6282,0.6282,0.2552,0.2552,0.0733,0.0733,0.0139,0.0139,0.0015
13,7,13,1.9444,0.6282,0.6282,0.2552,0.2552,0.0733,0.0733,0.0139,0.0139,0.0015
13,7,14,1.9444,0.6282,0.6282,0.2552,0.2552,0.0733,0.0733,0.0139,0.0139,0.0015
14,7,1,0.4861,0.3880,0.0849,0.0121,0.0011,0.0001,0.0000,0.0000,0.0000,0.0000
14,7,2,0.9722,0.3880,0.3880,0.0849,0.0849,0.0121,0.0121,0.0011,0.0011,0.0001
14,7,3,0.9722,0.3880,0.3880,0.0849,0.0849,0.0121,0.0121,0.0011,0.0011,0.0001
14,7,4,0.9722,0.3880,0.3880,0.0849,0.0849,0.0121,0.0121,0.0011,0.0011,0.0001
14,7,5,0.9722,0.3880,0.3880,0.0849,0.0849,0.0121,0.0121,0.0011,0.0011,0.0001
14,7,6,0.9722,0.3880,0.3880,0.0849,0.0849,0.0121,0.0121,0.0011,0.0011,0.0001
14,7,7,0.9722,0.3880,0.3880,0.0849,0.0849,0.0121,0.0121,0.0011,0.0011,0.0001
14,7,8,0.9722,0.3880,0.3880,0.0849,0.0849,0.0121,0.0121,0.0011,0.0011,0.0001
14,7,9,0.9722,0.3880,0.3880,0.0849,0.0849,0.0121,0.0121,0.0011,0.0011,0.0001
14,7,10,0.9722,0.3880,0.3880,0.0849,0.0849,0.0121,0.0121,0.0011,0.0011,0.0001
14,7,11,0.9722,0.3880,0.3880,0.0849,0.0849,0.0121,0.0121,0.0011,0.0011,0.0001
14,7,12,0.9722,0.3880,0.3880,0.0849,0.0849,0.0121,0.0121,0.0011,0.0011,0.0001
14,7,13,0.9722,0.3880,0.3880,0.0849,0.0849,0.0121,0.0121,0.0011,0.0011,0.0001
14,7,14,0.9722,0.3880,0.3880,0.0849,0.0849,0.0121,0.0121,0.0011,0.0011,0.0001
2,6,1,2.4306,0.9267,0.6877,0.4552,0.2472,0.0950,0.0187,0.0000,0.0000,0.0000
2,6,2,4.8611,0.9267,0.9267,0.6877,0.6877,0.4552,0.4552,0.2472,0.2472,0.0950
2,6,3,4.8611,0.9267,0.9267,0.6877,0.6877,0.4552,0.4552,0.2472,0.2472,0.0950
2,6,4,4.8611,0.9267,0.9267,0.6877,0.6877,0.4552,0.4552,0.2472,0.2472,0.0950
2,6,5,4.8611,0.9267,0.9267,0.6877,0.6877,0.4552,0.4552,0.2472,0.2472,0.0950
2,6,6,4.8611,0.9267,0.9267,0.6877,0.6877,0.4552,0.4552,0.2472,0.2472,0.0950
2,6,7,4.8611,0.9267,0.9267,0.6877,0.6877,0.4552,0.4552,0.2472,0.2472,0.0950
2,6,8,4.8611,0.9267,0.9267,0.6877,0.6877,0.4552,0.4552,0.2472,0.2472,0.0950
2,6,9,4.8611,0.9267,0.9267,0.6877,0.6877,0.4552,0.4552,0.2472,0.2472,0.0950
2,6,10,4.8611,0.9267,0.9267,0.6877,0.6877,0.4552,0.4552,0.2472,0.2472,0.0950
2,6,11,4.8611,0.9267,0.9267,0.6877,0.6877,0.4552,0.4552,0.2472,0.2472,0.0950
2,6,12,4.8611,0.9267,0.9267,0.6877,0.6877,0.4552,0.4552,0.2472,0.2472,0.0950
2,6,13,4.8611,0.9267,0.9267,0.6877,0.6877,0.4552,0.4552,0.2472,0.2472,0.0950
2,6,14,4.8611,0.9267,0.9267,0.6877,0.6877,0.4552,0.4552,0.2472,0.2472,0.0950
3,6,1,2.4306,0.9267,0.6877,0.4552,0.2472,0.0950,0.0187,0.0000,0.0000,0.0000
3,6,2,4.8611,0.9267,0.9267,0.6877,0.6877,0.4552,0.4552,0.2472,0.2472,0.0950
3,6,3,4.8611,0.9267,0.9267,0.6877,0.6877,0.4552,0.4552,0.2472,0.2472,0.0950
3,6,4,4.8611,0.9267,0.9267,0.6877,0.6877,0.4552,0.4552,0.2472,0.2472,0.0950
3,6,5,4.8611,0.9267,0.9267,0.6877,0.6877,0.4552,0.4552,0.2472,0.2472,0.0950
3,6,6,4.8611,0.9267,0.9267,0.6877,0.6877,0.4552,0.4552,0.2472,0.2472,0.0950
3,6,7,4.8611,0.9267,0.9267,0.6877,0.6877,0.4552,0.4552,0.2472,0.2472,0.0950
3,6,8,4.8611,0.9267,0.9267,0.6877,0.6877,0.4552,0.4552,0.2472,0.2472,0.0950
3,6,9,4.8611,0.9267,0.9267,0.6877,0.6877,0.4552,0.4552,0.2472,0.2472,0.0950
3,6,10,4.8611,0.9267,0.9267,0.6877,0.6877,0.4552,0.4552,0.2472,0.2472,0.0950
3,6,11,4.8611,0.9267,0.9267,0.6877,0.6877,0.4552,0.4552,0.2472,0.2472,0.0950
3,6,12,4.8611,0.9267,0.9267,0.6877,0.6877,0.4552,0.4552,0.2472,0.2472,0.0950
3,6,13,4.8611,0.9267,0.9267,0.6877,0.6877,0.4552,0.4552,0.2472,0.2472,0.0950
3,6,14,4.8611,0.9267,0.9267,0.6877,0.6877,0.4552,0.4552,0.2472,0.2472,0.0950
4,6,1,1.9444,0.8677,0.5777,0.3215,0.1354,0.0372,0.0049,0.0000,0.0000,0.0000
4,6,2,3.8889,0.8677,0.8677,0.5777,0.5777,0.3215,0.3215,0.1354,0.1354,0.0372
4,6,3,3.8889,0.8677,0.8677,0.5777,0.5777,0.3215,0.3215,0.1354,0.1354,0.0372
4,6,4,3.8889,0.8677,0.8677,0.5777,0.5777,0.3215,0.3215,0.1354,0.1354,0.0372
4,6,5,3.8889,0.8677,0.8677,0.5777,0.5777,0.3215,0.3215,0.1354,0.1354,0.0372
4,6,6,3.8889,0.8677,0.8677,0.5777,0.5777,0.3215,0.3215,0.1354,0.1354,0.0372
4,6,7,3.8889,0.8677,0.8677,0.5777,0.5777,0.3215,0.3215,0.1354,0.1354,0.0372
4,6,8,3.8889,0.8677,0.8677,0.5777,0.5777,0.3215,0.3215,0.1354,0.1354,0.0372
4,6,9,3.8889,0.8677,0.8677,0.5777,0.5777,0.3215,0.3215,0.1354,0.1354,0.0372
4,6,10,3.8889,0.8677,0.8677,0.5777,0.5777,0.3215,0.3215,0.1354,0.1354,0.0372
4,6,11,3.8889,0.8677,0.8677,0.5777,0.5777,0.3215,0.3215,0.1354,0.1354,0.0372
4,6,12,3.8889,0.8677,0.8677,0.5777,0.5777,0.3215,0.3215,0.1354,0.1354,0.0372
4,6,13,3.8889,0.8677,0.8677,0.5777,0.5777,0.3215,0.3215,0.1354,0.1354,0.0372
4,6,14,3.8889,0.8677,0.8677,0.5777,0.5777,0.3215,0.3215,0.1354,0.1354,0.0372
5,6,1,1.9444,0.8677,0.5777,0.3215,0.1354,0.0372,0.0049,0.0000,0.0000,0.0000
5,6,2,3.8889,0.8677,0.8677,0.5777,0.5777,0.3215,0.3215,0.1354,0.1354,0.0372
5,6,3,3.8889,0.8677,0.8677,0.5777,0.5777,0.3215,0.3215,0.1354,0.1354,0.0372
5,6,4,3.8889,0.8677,0.8677,0.5777,0.5777,0.3215,0.3215,0.1354,0.1354,0.0372
5,6,5,3.8889,0.8677,0.8677,0.5777,0.5777,0.3215,0.3215,0.1354,0.1354,0.0372
5,6,6,3.8889,0.8677,0.8677,0.5777,0.5777,0.3215,0.3215,0.1354,0.1354,0.0372
5,6,7,3.8889,0.8677,0.8677,0.5777,0.5777,0.3215,0.3215,0.1354,0.1354,0.0372
5,6,8,3.8889,0.8677,0.8677,0.5777,0.5777,0.3215,0.3215,0.1354,0.1354,0.0372
5,6,9,3.8889,0.8677,0.8677,0.5777,0.5777,0.3215,0.3215,0.1354,0.1354,0.0372
5,6,10,3.8889,0.8677,0.8677,0.5777,0.5777,0.3215,0.3215,0.1354,0.1354,0.0372
5,6,11,3.8889,0.8677,0.8677,0.5777,0.5777,0.3215,0.3215,0.1354,0.1354,0.0372
5,6,12,3.8889,0.8677,0.8677,0.5777,0.5777,0.3215,0.3215,0.1354,0.1354,0.0372
5,6,13,3.8889,0.8677,0.8677,0.5777,0.5777,0.3215,0.3215,0.1354,0.1354,0.0372
5,6,14,3.8889,0.8677,0.8677,0.5777,0.5777,0.3215,0.3215,0.1354,0.1354,0.0372
6,6,1,1.9444,0.8677,0.5777,0.3215,0.1354,0.0372,0.0049,0.0000,0.0000,0.0000
6,6,2,3.8889,0.8677,0.8677,0.5777,0.5777,0.3215,0.3215,0.1354,0.1354,0.0372
6,6,3,3.8889,0.8677,0.8677,0.5777,0.5777,0.3215,0.3215,0.1354,0.1354,0.0372
6,6,4,3.8889,0.8677,0.8677,0.5777,0.5777,0.3215,0.3215,0.1354,0.1354,0.0372
6,6,5,3.8889,0.8677,0.8677,0.5777,0.5777,0.3215,0.3215,0.1354,0.1354,0.0372
6,6,6,3.8889,0.8677,0.8677,0.5777,0.5777,0.3215,0.3215,0.1354,0.1354,0.0372
6,6,7,3.8889,0.8677,0.8677,0.5777,0.5777,0.3215,0.3215,0.1354,0.1354,0.0372
6,6,8,3.8889,0.8677,0.8677,0.5777,0.5777,0.3215,0.3215,0.1354,0.1354,0.0372
6,6,9,3.8889,0.8677,0.8677,0.5777,0.5777,0.3215,0.3215,0.1354,0.1354,0.0372
6,6,10,3.8889,0.8677,0.8677,0.5777,0.5777,0.3215,0.3215,0.1354,0.1354,0.0372
6,6,11,3.8889,0.8677,0.8677,0.5777,0.5777,0.3215,0.3215,0.1354,0.1354,0.0372
6,6,12,3.8889,0.8677,0.8677,0.5777,0.5777,0.3215,0.3215,0.1354,0.1354,0.0372
6,6,13,3.8889,0.8677,0.8677,0.5777,0.5777,0.3215,0.3215,0.1354,0.1354,0.0372
6,6,14,3.8889,0.8677,0.8677,0.5777,0.5777,0.3215,0.3215,0.1354,0.1354,0.0372
7,6,1,1.4583,0.7759,0.4310,0.1847,0.0556,0.0103,0.0009,0.0000,0.0000,0.0000
7,6,2,2.9167,0.7759,0.7759,0.4310,0.4310,0.1847,0.1847,0.0556,0.0556,0.0103
7,6,3,2.9167,0.7759,0.7759,0.4310,0.4310,0.1847,0.1847,0.0556,0.0556,0.0103
7,6,4,2.9167,0.7759,0.7759,0.4310,0.4310,0.1847,0.1847,0.0556,0.0556,0.0103
7,6,5,2.9167,0.7759,0.7759,0.4310,0.4310,0.1847,0.1847,0.0556,0.0556,0.0103
7,6,6,2.9167,0.7759,0.7759,0.4310,0.4310,0.1847,0.1847,0.0556,0.0556,0.0103
7,6,7,2.9167,0.7759,0.7759,0.4310,0.4310,0.1847,0.1847,0.0556,0.0556,0.0103
7,6,8,2.9167,0.7759,0.7759,0.4310,0.4310,0.1847,0.1847,0.0556,0.0556,0.0103
7,6,9,2.9167,0.7759,0.7759,0.4310,0.4310,0.1847,0.1847,0.0556,0.0556,0.0103
7,6,10,2.9167,0.7759,0.7759,0.4310,0.4310,0.1847,0.1847,0.0556,0.0556,0.0103
7,6,11,2.9167,0.7759,0.7759,0.4310,0.4310,0.1847,0.1847,0.0556,0.0556,0.0103
7,6,12,2.9167,0.7759,0.7759,0.4310,0.4310,0.1847,0.1847,0.0556,0.0556,0.0103
7,6,13,2.9167,0.7759,0.7759,0.4310,0.4310,0.1847,0.1847,0.0556,0.0556,0.0103
7,6,14,2.9167,0.7759,0.7759,0.4310,0.4310,0.1847,0.1847,0.0556,0.0556,0.0103
8,6,1,0.9722,0.6282,0.2552,0.0733,0.0139,0.0015,0.0001,0.0000,0.0000,0.0000
8,6,2,1.9444,0.6282,0.6282,0.2552,0.2552,0.0733,0.0733,0.0139,0.0139,0.0015
8,6,3,1.9444,0.6282,0.6282,0.2552,0.2552,0.0733,0.0733,0.0139,0.0139,0.0015
8,6,4,1.9444,0.6282,0.6282,0.2552,0.2552,0.0733,0.0733,0.0139,0.0139,0.0015
8,6,5,1.9444,0.6282,0.6282,0.2552,0.2552,0.0733,0.0733,0.0139,0.0139,0.0015
8,6,6,1.9444,0.6282,0.6282,0.2552,0.2552,0.0733,0.0733,0.0139,0.0139,0.0015
8,6,7,1.9444,0.6282,0.6282,0.2552,0.2552,0.0733,0.0733,0.0139,0.0139,0.0015
8,6,8,1.9444,0.6282,0.6282,0.2552,0.2552,0.0733,0.0733,0.0139,0.0139,0.0015
8,6,9,1.9444,0.6282,0.6282,0.2552,0.2552,0.0733,0.0733,0.0139,0.0139,0.0015
8,6,10,1.9444,0.6282,0.6282,0.2552,0.2552,0.0733,0.0733,0.0139,0.0139,0.0015
8,6,11,1.9444,0.6282,0.6282,0.2552,0.2552,0.0733,0.0733,0.0139,0.0139,0.0015
8,6,12,1.9444,0.6282,0.6282,0.2552,0.2552,0.0733,0.0733,0.0139,0.0139,0.0015
8,6,13,1.9444,0.6282,0.6282,0.2552,0.2552,0.0733,0.0733,0.0139,0.0139,0.0015
8,6,14,1.9444,0.6282,0.6282,0.2552,0.2552,0.0733,0.0733,0.0139,0.0139,0.0015
9,6,1,0.9722,0.6282,0.2552,0.0733,0.0139,0.0015,0.0001,0.0000,0.0000,0.0000
9,6,2,1.9444,0.6282,0.6282,0.2552,0.2552,0.0733,0.0733,0.0139,0.0139,0.0015
9,6,3,1.9444,0.6282,0.6282,0.2552,0.2552,0.0733,0.0733,0.0139,0.0139,0.0015
9,6,4,1.9444,0.6282,0.6282,0.2552,0.2552,0.0733,0.0733,0.0139,0.0139,0.0015
9,6,5,1.9444,0.6282,0.6282,0.2552,0.2552,0.0733,0.0733,0.0139,0.0139,0.0015
9,6,6,1.9444,0.6282,0.6282,0.2552,0.2552,0.0733,0.0733,0.0139,0.0139,0.0015
9,6,7,1.9444,0.6282,0.6282,0.2552,0.2552,0.0733,0.0733,0.0139,0.0139,0.0015
9,6,8,1.9444,0.6282,0.6282,0.2552,0.2552,0.0733,0.0733,0.0139,0.0139,0.0015
9,6,9,1.9444,0.6282,0.6282,0.2552,0.2552,0.0733,0.0733,0.0139,0.0139,0.0015
9,6,10,1.9444,0.6282,0.6282,0.2552,0.2552,0.0733,0.0733,0.0139,0.0139,0.0015
9,6,11,1.9444,0.6282,0.6282,0.2552,0.2552,0.0733,0.0733,0.0139,0.0139,0.0015
9,6,12,1.9444,0.6282,0.6282,0.2552,0.2552,0.0733,0.0733,0.0139,0.0139,0.0015
9,6,13,1.9444,0.6282,0.6282,0.2552,0.2552,0.0733,0.0733,0.0139,0.0139,0.0015
9,6,14,1.9444,0.6282,0.6282,0.2552,0.2552,0.0733,0.0733,0.0139,0.0139,0.0015
10,6,1,0.9722,0.6282,0.2552,0.0733,0.0139,0.0015,0.0001,0.0000,0.0000,0.0000
10,6,2,1.9444,0.6282,0.6282,0.2552,0.2552,0.0733,0.0733,0.0139,0.0139,0.0015
10,6,3,1.9444,0.6282,0.6282,0.2552,0.2552,0.0733,0.0733,0.0139,0.0139,0.0015
10,6,4,1.9444,0.6282,0.6282,0.2552,0.2552,0.0733,0.0733,0.0139,0.0139,0.0015
10,6,5,1.9444,0.6282,0.6282,0.2552,0.2552,0.0733,0.0733,0.0139,0.0139,0.0015
10,6,6,1.9444,0.6282,0.6282,0.2552,0.2552,0.0733,0.0733,0.0139,0.0139,0.0015
10,6,7,1.9444,0.6282,0.6282,0.2552,0.2552,0.0733,0.0733,0.0139,0.0139,0.0015
10,6,8,1.9444,0.6282,0.6282,0.2552,0.2552,0.0733,0.0733,0.0139,0.0139,0.0015
10,6,9,1.9444,0.6282,0.6282,0.2552,0.2552,0.0733,0.0733,0.0139,0.0139,0.0015
10,6,10,1.9444,0.6282,0.6282,0.2552,0.2552,0.0733,0.0733,0.0139,0.0139,0.0015
10,6,11,1.9444,0.6282,0.6282,0.2552,0.2552,0.0733,0.0733,0.0139,0.0139,0.0015
10,6,12,1.9444,0.6282,0.6282,0.2552,0.2552,0.0733,0.0733,0.0139,0.0139,0.0015
10,6,13,1.9444,0.6282,0.6282,0.2552,0.2552,0.0733,0.0733,0.0139,0.0139,0.0015
10,6,14,1.9444,0.6282,0.6282,0.2552,0.2552,0.0733,0.0733,0.0139,0.0139,0.0015
11,6,1,0.9722,0.6282,0.2552,0.0733,0.0139,0.0015,0.0001,0.0000,0.0000,0.0000
11,6,2,1.9444,0.6282,0.6282,0.2552,0.2552,0.0733,0.0733,0.0139,0.0139,0.0015
11,6,3,1.9444,0.6282,0.6282,0.2552,0.2552,0.0733,0.0733,0.0139,0.0139,0.0015
11,6,4,1.9444,0.6282,0.6282,0.2552,0.2552,0.0733,0.0733,0.0139,0.0139,0.0015
11,6,5,1.9444,0.6282,0.6282,0.2552,0.2552,0.0733,0.0733,0.0139,0.0139,0.0015
11,6,6,1.9444,0.6282,0.6282,0.2552,0.2552,0.0733,0.0733,0.0139,0.0139,0.0015
11,6,7,1.9444,0.6282,0.6282,0.2552,0.2552,0.0733,0.0733,0.0139,0.0139,0.0015
11,6,8,1.9444,0.6282,0.6282,0.2552,0.2552,0.0733,0.0733,0.0139,0.0139,0.0015
11,6,9,1.9444,0.6282,0.6282,0.2552,0.2552,0.0733,0.0733,0.0139,0.0139,0.0015
11,6,10,1.9444,0.6282,0.6282,0.2552,0.2552,0.0733,0.0733,0.0139,0.0139,0.0015
11,6,11,1.9444,0.6282,0.6282,0.2552,0.2552,0.0733,0.0733,0.0139,0.0139,0.0015
11,6,12,1.9444,0.6282,0.6282,0.2552,0.2552,0.0733,0.0733,0.0139,0.0139,0.0015
11,6,13,1.9444,0.6282,0.6282,0.2552,0.2552,0.0733,0.0733,0.0139,0.0139,0.0015
11,6,14,1.9444,0.6282,0.6282,0.2552,0.2552,0.0733,0.0733,0.0139,0.0139,0.0015
12,6,1,0.9722,0.6282,0.2552,0.0733,0.0139,0.0015,0.0001,0.0000,0.0000,0.0000
12,6,2,1.9444,0.6282,0.6282,0.2552,0.2552,0.0733,0.0733,0.0139,0.0139,0.0015
12,6,3,1.9444,0.6282,0.6282,0.2552,0.2552,0.0733,0.0733,0.0139,0.0139,0.0015
12,6,4,1.9444,0.6282,0.6282,0.2552,0.2552,0.0733,0.0733,0.0139,0.0139,0.0015
12,6,5,1.9444,0.6282,0.6282,0.2552,0.2552,0.0733,0.0733,0.0139,0.0139,0.0015
12,6,6,1.9444,0.6282,0.6282,0.2552,0.2552,0.0733,0.0733,0.0139,0.0139,0.0015
12,6,7,1.9444,0.6282,0.6282,0.2552,0.2552,0.0733,0.0733,0.0139,0.0139,0.0015
12,6,8,1.9444,0.6282,0.6282,0.2552,0.2552,0.0733,0.0733,0.0139,0.0139,0.0015
12,6,9,1.9444,0.6282,0.6282,0.2552,0.2552,0.0733,0.0733,0.0139,0.0139,0.0015
12,6,10,1.9444,0.6282,0.6282,0.2552,0.2552,0.0733,0.0733,0.0139,0.0139,0.0015
12,6,11,1.9444,0.6282,0.6282,0.2552,0.2552,0.0733,0.0733,0.0139,0.0139,0.0015
12,6,12,1.9444,0.6282,0.6282,0.2552,0.2552,0.0733,0.0733,0.0139,0.0139,0.0015
12,6,13,1.9444,0.6282,0.6282,0.2552,0.2552,0.0733,0.0733,0.0139,0.0139,0.0015
12,6,14,1.9444,0.6282,0.6282,0.2552,0.2552,0.0733,0.0733,0.0139,0.0139,0.0015
13,6,1,0.9722,0.6282,0.2552,0.0733,0.0139,0.0015,0.0001,0.0000,0.0000,0.0000
13,6,2,1.9444,0.6282,0.6282,0.2552,0.2552,0.0733,0.0733,0.0139,0.0139,0.0015
13,6,3,1.9444,0.6282,0.6282,0.2552,0.2552,0.0733,0.0733,0.0139,0.0139,0.0015
13,6,4,1.9444,0.6282,0.6282,0.2552,0.2552,0.0733,0.0733,0.0139,0.0139,0.0015
13,6,5,1.9444,0.6282,0.6282,0.2552,0.2552,0.0733,0.0733,0.0139,0.0139,0.0015
13,6,6,1.9444,0.6282,0.6282,0.2552,0.2552,0.0733,0.0733,0.0139,0.0139,0.0015
13,6,7,1.9444,0.6282,0.6282,0.2552,0.2552,0.0733,0.0733,0.0139,0.0139,0.0015
13,6,8,1.9444,0.6282,0.6282,0.2552,0.2552,0.0733,0.0733,0.0139,0.0139,0.0015
13,6,9,1.9444,0.6282,0.6282,0.2552,0.2552,0.0733,0.0733,0.0139,0.0139,0.0015
13,6,10,1.9444,0.6282,0.6282,0.2552,0.2552,0.0733,0.0733,0.0139,0.0139,0.0015
13,6,11,1.9444,0.6282,0.6282,0.2552,0.2552,0.0733,0.0733,0.0139,0.0139,0.0015
13,6,12,1.9444,0.6282,0.6282,0.2552,0.2552,0.0733,0.0733,0.0139,0.0139,0.0015
13,6,13,1.9444,0.6282,0.6282,0.2552,0.2552,0.0733,0.0733,0.0139,0.0139,0.0015
13,6,14,1.9444,0.6282,0.6282,0.2552,0.2552,0.0733,0.0733,0.0139,0.0139,0.0015
14,6,1,0.4861,0.3880,0.0849,0.0121,0.0011,0.0001,0.0000,0.0000,0.0000,0.0000
14,6,2,0.9722,0.3880,0.3880,0.0849,0.0849,0.0121,0.0121,0.0011,0.0011,0.0001
14,6,3,0.9722,0.3880,0.3880,0.0849,0.0849,0.0121,0.0121,0.0011,0.0011,0.0001
14,6,4,0.9722,0.3880,0.3880,0.0849,0.0849,0.0121,0.0121,0.0011,0.0011,0.0001
14,6,5,0.9722,0.3880,0.3880,0.0849,0.0849,0.0121,0.0121,0.0011,0.0011,0.0001
14,6,6,0.9722,0.3880,0.3880,0.0849,0.0849,0.0121,0.0121,0.0011,0.0011,0.0001
14,6,7,0.9722,0.3880,0.3880,0.0849,0.0849,0.0121,0.0121,0.0011,0.0011,0.0001
14,6,8,0.9722,0.3880,0.3880,0.0849,0.0849,0.0121,0.0121,0.0011,0.0011,0.0001
14,6,9,0.9722,0.3880,0.3880,0.0849,0.0849,0.0121,0.0121,0.0011,0.0011,0.0001
14,6,10,0.9722,0.3880,0.3880,0.0849,0.0849,0.0121,0.0121,0.0011,0.0011,0.0001
14,6,11,0.9722,0.3880,0.3880,0.0849,0.0849,0.0121,0.0121,0.0011,0.0011,0.0001
14,6,12,0.9722,0.3880,0.3880,0.0849,0.0849,0.0121,0.0121,0.0011,0.0011,0.0001
14,6,13,0.9722,0.3880,0.3880,0.0849,0.0849,0.0121,0.0121,0.0011,0.0011,0.0001
14,6,14,0.9722,0.3880,0.3880,0.0849,0.0849,0.0121,0.0121,0.0011,0.0011,0.0001
2,5,1,2.0255,0.8793,0.5985,0.3446,0.1523,0.0444,0.0063,0.0000,0.0000,0.0000
2,5,2,4.0509,0.8793,0.8793,0.5985,0.5985,0.3446,0.3446,0.1523,0.1523,0.0444
2,5,3,4.0509,0.8793,0.8793,0.5985,0.5985,0.3446,0.3446,0.1523,0.1523,0.0444
2,5,4,4.0509,0.8793,0.8793,0.5985,0.5985,0.3446,0.3446,0.1523,0.1523,0.0444
2,5,5,4.0509,0.8793,0.8793,0.5985,0.5985,0.3446,0.3446,0.1523,0.1523,0.0444
2,5,6,4.0509,0.8793,0.8793,0.5985,0.5985,0.3446,0.3446,0.1523,0.1523,0.0444
2,5,7,4.0509,0.8793,0.8793,0.5985,0.5985,0.3446,0.3446,0.1523,0.1523,0.0444
2,5,8,4.0509,0.8793,0.8793,0.5985,0.5985,0.3446,0.3446,0.1523,0.1523,0.0444
2,5,9,4.0509,0.8793,0.8793,0.5985,0.5985,0.3446,0.3446,0.1523,0.1523,0.0444
2,5,10,4.0509,0.8793,0.8793,0.5985,0.5985,0.3446,0.3446,0.1523,0.1523,0.0444
2,5,11,4.0509,0.8793,0.8793,0.5985,0.5985,0.3446,0.3446,0.1523,0.1523,0.0444
2,5,12,4.0509,0.8793,0.8793,0.5985,0.5985,0.3446,0.3446,0.1523,0.1523,0.0444
2,5,13,4.0509,0.8793,0.8793,0.5985,0.5985,0.3446,0.3446,0.1523,0.1523,0.0444
2,5,14,4.0509,0.8793,0.8793,0.5985,0.5985,0.3446,0.3446,0.1523,0.1523,0.0444
3,5,1,2.0255,0.8793,0.5985,0.3446,0.1523,0.0444,0.0063,0.0000,0.0000,0.0000
3,5,2,4.0509,0.8793,0.8793,0.5985,0.5985,0.3446,0.3446,0.1523,0.1523,0.0444
3,5,3,4.0509,0.8793,0.8793,0.5985,0.5985,0.3446,0.3446,0.1523,0.1523,0.0444
3,5,4,4.0509,0.8793,0.8793,0.5985,0.5985,0.3446,0.3446,0.1523,0.1523,0.0444
3,5,5,4.0509,0.8793,0.8793,0.5985,0.5985,0.3446,0.3446,0.1523,0.1523,0.0444
3,5,6,4.0509,0.8793,0.8793,0.5985,0.5985,0.3446,0.3446,0.1523,0.1523,0.0444
3,5,7,4.0509,0.8793,0.8793,0.5985,0.5985,0.3446,0.3446,0.1523,0.1523,0.0444
3,5,8,4.0509,0.8793,0.8793,0.5985,0.5985,0.3446,0.3446,0.1523,0.1523,0.0444
3,5,9,4.0509,0.8793,0.8793,0.5985,0.5985,0.3446,0.3446,0.1523,0.1523,0.0444
3,5,10,4.0509,0.8793,0.8793,0.5985,0.5985,0.3446,0.3446,0.1523,0.1523,0.0444
3,5,11,4.0509,0.8793,0.8793,0.5985,0.5985,0.3446,0.3446,0.1523,0.1523,0.0444
3,5,12,4.0509,0.8793,0.8793,0.5985,0.5985,0.3446,0.3446,0.1523,0.1523,0.0444
3,5,13,4.0509,0.8793,0.8793,0.5985,0.5985,0.3446,0.3446,0.1523,0.1523,0.0444
3,5,14,4.0509,0.8793,0.8793,0.5985,0.5985,0.3446,0.3446,0.1523,0.1523,0.0444
4,5,1,1.6204,0.8113,0.4839,0.2289,0.0779,0.0166,0.0016,0.0000,0.0000,0.0000
4,5,2,3.2407,0.8113,0.8113,0.4839,0.4839,0.2289,0.2289,0.0779,0.0779,0.0166
4,5,3,3.2407,0.8113,0.8113,0.4839,0.4839,0.2289,0.2289,0.0779,0.0779,0.0166
4,5,4,3.2407,0.8113,0.8113,0.4839,0.4839,0.2289,0.2289,0.0779,0.0779,0.0166
4,5,5,3.2407,0.8113,0.8113,0.4839,0.4839,0.2289,0.2289,0.0779,0.0779,0.0166
4,5,6,3.2407,0.8113,0.8113,0.4839,0.4839,0.2289,0.2289,0.0779,0.0779,0.0166
4,5,7,3.2407,0.8113,0.8113,0.4839,0.4839,0.2289,0.2289,0.0779,0.0779,0.0166
4,5,8,3.2407,0.8113,0.8113,0.4839,0.4839,0.2289,0.2289,0.0779,0.0779,0.0166
4,5,9,3.2407,0.8113,0.8113,0.4839,0.4839,0.2289,0.2289,0.0779,0.0779,0.0166
4,5,10,3.2407,0.8113,0.8113,0.4839,0.4839,0.2289,0.2289,0.0779,0.0779,0.0166
4,5,11,3.2407,0.8113,0.8113,0.4839,0.4839,0.2289,0.2289,0.0779,0.0779,0.0166
4,5,12,3.2407,0.8113,0.8113,0.4839,0.4839,0.2289,0.2289,0.0779,0.0779,0.0166
4,5,13,3.2407,0.8113,0.8113,0.4839,0.4839,0.2289,0.2289,0.0779,0.0779,0.0166
4,5,14,3.2407,0.8113,0.8113,0.4839,0.4839,0.2289,0.2289,0.0779,0.0779,0.0166
5,5,1,1.6204,0.8113,0.4839,0.2289,0.0779,0.0166,0.0016,0.0000,0.0000,0.0000
5,5,2,3.2407,0.8113,0.8113,0.4839,0.4839,0.2289,0.2289,0.0779,0.0779,0.0166
5,5,3,3.2407,0.8113,0.8113,0.4839,0.4839,0.2289,0.2289,0.0779,0.0779,0.0166
5,5,4,3.2407,0.8113,0.8113,0.4839,0.4839,0.2289,0.2289,0.0779,0.0779,0.0166
5,5,5,3.2407,0.8113,0.8113,0.4839,0.4839,0.2289,0.2289,0.0779,0.0779,0.0166
5,5,6,3.2407,0.8113,0.8113,0.4839,0.4839,0.2289,0.2289,0.0779,0.0779,0.0166
5,5,7,3.2407,0.8113,0.8113,0.4839,0.4839,0.2289,0.2289,0.0779,0.0779,0.0166
5,5,8,3.2407,0.8113,0.8113,0.4839,0.4839,0.2289,0.2289,0.0779,0.0779,0.0166
5,5,9,3.2407,0.8113,0.8113,0.4839,0.4839,0.2289,0.2289,0.0779,0.0779,0.0166
5,5,10,3.2407,0.8113,0.8113,0.4839,0.4839,0.2289,0.2289,0.0779,0.0779,0.0166
5,5,11,3.2407,0.8113,0.8113,0.4839,0.4839,0.2289,0.2289,0.0779,0.0779,0.0166
5,5,12,3.2407,0.8113,0.8113,0.4839,0.4839,0.2289,0.2289,0.0779,0.0779,0.0166
5,5,13,3.2407,0.8113,0.8113,0.4839,0.4839,0.2289,0.2289,0.0779,0.0779,0.0166
5,5,14,3.2407,0.8113,0.8113,0.4839,0.4839,0.2289,0.2289,0.0779,0.0779,0.0166
6,5,1,1.6204,0.8113,0.4839,0.2289,0.0779,0.0166,0.0016,0.0000,0.0000,0.0000
6,5,2,3.2407,0.8113,0.8113,0.4839,0.4839,0.2289,0.2289,0.0779,0.0779,0.0166
6,5,3,3.2407,0.8113,0.8113,0.4839,0.4839,0.2289,0.2289,0.0779,0.0779,0.0166
6,5,4,3.2407,0.8113,0.8113,0.4839,0.4839,0.2289,0.2289,0.0779,0.0779,0.0166
6,5,5,3.2407,0.8113,0.8113,0.4839,0.4839,0.2289,0.2289,0.0779,0.0779,0.0166
6,5,6,3.2407,0.8113,0.8113,0.4839,0.4839,0.2289,0.2289,0.0779,0.0779,0.0166
6,5,7,3.2407,0.8113,0.8113,0.4839,0.4839,0.2289,0.2289,0.0779,0.0779,0.0166
6,5,8,3.2407,0.8113,0.8113,0.4839,0.4839,0.2289,0.2289,0.0779,0.0779,0.0166
6,5,9,3.2407,0.8113,0.8113,0.4839,0.4839,0.2289,0.2289,0.0779,0.0779,0.0166
6,5,10,3.2407,0.8113,0.8113,0.4839,0.4839,0.2289,0.2289,0.0779,0.0779,0.0166
6,5,11,3.2407,0.8113,0.8113,0.4839,0.4839,0.2289,0.2289,0.0779,0.0779,0.0166
6,5,12,3.2407,0.8113,0.8113,0.4839,0.4839,0.2289,0.2289,0.0779,0.0779,0.0166
6,5,13,3.2407,0.8113,0.8113,0.4839,0.4839,0.2289,0.2289,0.0779,0.0779,0.0166
6,5,14,3.2407,0.8113,0.8113,0.4839,0.4839,0.2289,0.2289,0.0779,0.0779,0.0166
7,5,1,1.2153,0.7109,0.3454,0.1240,0.0302,0.0044,0.0003,0.0000,0.0000,0.0000
7,5,2,2.4306,0.7109,0.7109,0.3454,0.3454,0.1240,0.1240,0.0302,0.0302,0.0044
7,5,3,2.4306,0.7109,0.7109,0.3454,0.3454,0.1240,0.1240,0.0302,0.0302,0.0044
7,5,4,2.4306,0.7109,0.7109,0.3454,0.3454,0.1240,0.1240,0.0302,0.0302,0.0044
7,5,5,2.4306,0.7109,0.7109,0.3454,0.3454,0.1240,0.1240,0.0302,0.0302,0.0044
7,5,6,2.4306,0.7109,0.7109,0.3454,0.3454,0.1240,0.1240,0.0302,0.0302,0.0044
7,5,7,2.4306,0.7109,0.7109,0.3454,0.3454,0.1240,0.1240,0.0302,0.0302,0.0044
7,5,8,2.4306,0.7109,0.7109,0.3454,0.3454,0.1240,0.1240,0.0302,0.0302,0.0044
7,5,9,2.4306,0.7109,0.7109,0.3454,0.3454,0.1240,0.1240,0.0302,0.0302,0.0044
7,5,10,2.4306,0.7109,0.7109,0.3454,0.3454,0.1240,0.1240,0.0302,0.0302,0.0044
7,5,11,2.4306,0.7109,0.7109,0.3454,0.3454,0.1240,0.1240,0.0302,0.0302,0.0044
7,5,12,2.4306,0.7109,0.7109,0.3454,0.3454,0.1240,0.1240,0.0302,0.0302,0.0044
7,5,13,2.4306,0.7109,0.7109,0.3454,0.3454,0.1240,0.1240,0.0302,0.0302,0.0044
7,5,14,2.4306,0.7109,0.7109,0.3454,0.3454,0.1240,0.1240,0.0302,0.0302,0.0044
8,5,1,0.8102,0.5607,0.1950,0.0466,0.0072,0.0006,0.0000,0.0000,0.0000,0.0000
8,5,2,1.6204,0.5607,0.5607,0.1950,0.1950,0.0466,0.0466,0.0072,0.0072,0.0006
8,5,3,1.6204,0.5607,0.5607,0.1950,0.1950,0.0466,0.0466,0.0072,0.0072,0.0006
8,5,4,1.6204,0.5607,0.5607,0.1950,0.1950,0.0466,0.0466,0.0072,0.0072,0.0006
8,5,5,1.6204,0.5607,0.5607,0.1950,0.1950,0.0466,0.0466,0.0072,0.0072,0.0006
8,5,6,1.6204,0.5607,0.5607,0.1950,0.1950,0.0466,0.0466,0.0072,0.0072,0.0006
8,5,7,1.6204,0.5607,0.5607,0.1950,0.1950,0.0466,0.0466,0.0072,0.0072,0.0006
8,5,8,1.6204,0.5607,0.5607,0.1950,0.1950,0.0466,0.0466,0.0072,0.0072,0.0006
8,5,9,1.6204,0.5607,0.5607,0.1950,0.1950,0.0466,0.0466,0.0072,0.0072,0.0006
8,5,10,1.6204,0.5607,0.5607,0.1950,0.1950,0.0466,0.0466,0.0072,0.0072,0.0006
8,5,11,1.6204,0.5607,0.5607,0.1950,0.1950,0.0466,0.0466,0.0072,0.0072,0.0006
8,5,12,1.6204,0.5607,0.5607,0.1950,0.1950,0.0466,0.0466,0.0072,0.0072,0.0006
8,5,13,1.6204,0.5607,0.5607,0.1950,0.1950,0.0466,0.0466,0.0072,0.0072,0.0006
8,5,14,1.6204,0.5607,0.5607,0.1950,0.1950,0.0466,0.0466,0.0072,0.0072,0.0006
9,5,1,0.8102,0.5607,0.1950,0.0466,0.0072,0.0006,0.0000,0.0000,0.0000,0.0000
9,5,2,1.6204,0.5607,0.5607,0.1950,0.1950,0.0466,0.0466,0.0072,0.0072,0.0006
9,5,3,1.6204,0.5607,0.5607,0.1950,0.1950,0.0466,0.0466,0.0072,0.0072,0.0006
9,5,4,1.6204,0.5607,0.5607,0.1950,0.1950,0.0466,0.0466,0.0072,0.0072,0.0006
9,5,5,1.6204,0.5607,0.5607,0.1950,0.1950,0.0466,0.0466,0.0072,0.0072,0.0006
9,5,6,1.6204,0.5607,0.5607,0.1950,0.1950,0.0466,0.0466,0.0072,0.0072,0.0006
9,5,7,1.6204,0.5607,0.5607,0.1950,0.1950,0.0466,0.0466,0.0072,0.0072,0.0006
9,5,8,1.6204,0.5607,0.5607,0.1950,0.1950,0.0466,0.0466,0.0072,0.0072,0.0006
9,5,9,1.6204,0.5607,0.5607,0.1950,0.1950,0.0466,0.0466,0.0072,0.0072,0.0006
9,5,10,1.6204,0.5607,0.5607,0.1950,0.1950,0.0466,0.0466,0.0072,0.0072,0.0006
9,5,11,1.6204,0.5607,0.5607,0.1950,0.1950,0.0466,0.0466,0.0072,0.0072,0.0006
9,5,12,1.6204,0.5607,0.5607,0.1950,0.1950,0.0466,0.0466,0.0072,0.0072,0.0006
9,5,13,1.6204,0.5607,0.5607,0.1950,0.1950,0.0466,0.0466,0.0072,0.0072,0.0006
9,5,14,1.6204,0.5607,0.5607,0.1950,0.1950,0.0466,0.0466,0.0072,0.0072,0.0006
10,5,1,0.8102,0.5607,0.1950,0.0466,0.0072,0.0006,0.0000,0.0000,0.0000,0.0000
10,5,2,1.6204,0.5607,0.5607,0.1950,0.1950,0.0466,0.0466,0.0072,0.0072,0.0006
10,5,3,1.6204,0.5607,0.5607,0.1950,0.1950,0.0466,0.0466,0.0072,0.0072,0.0006
10,5,4,1.6204,0.5607,0.5607,0.1950,0.1950,0.0466,0.0466,0.0072,0.0072,0.0006
10,5,5,1.6204,0.5607,0.5607,0.1950,0.1950,0.0466,0.0466,0.0072,0.0072,0.0006
10,5,6,1.6204,0.5607,0.5607,0.1950,0.1950,0.0466,0.0466,0.0072,0.0072,0.0006
10,5,7,1.6204,0.5607,0.5607,0.1950,0.1950,0.0466,0.0466,0.0072,0.0072,0.0006
10,5,8,1.6204,0.5607,0.5607,0.1950,0.1950,0.0466,0.0466,0.0072,0.0072,0.0006
10,5,9,1.6204,0.5607,0.5607,0.1950,0.1950,0.0466,0.0466,0.0072,0.0072,0.0006
10,5,10,1.6204,0.5607,0.5607,0.1950,0.1950,0.0466,0.0466,0.0072,0.0072,0.0006
10,5,11,1.6204,0.5607,0.5607,0.1950,0.1950,0.0466,0.0466,0.0072,0.0072,0.0006
10,5,12,1.6204,0.5607,0.5607,0.1950,0.1950,0.0466,0.0466,0.0072,0.0072,0.0006
10,5,13,1.6204,0.5607,0.5607,0.1950,0.1950,0.0466,0.0466,0.0072,0.0072,0.0006
10,5,14,1.6204,0.5607,0.5607,0.1950,0.1950,0.0466,0.0466,0.0072,0.0072,0.0006
11,5,1,0.8102,0.5607,0.1950,0.0466,0.0072,0.0006,0.0000,0.0000,0.0000,0.0000
11,5,2,1.6204,0.5607,0.5607,0.1950,0.1950,0.0466,0.0466,0.0072,0.0072,0.0006
11,5,3,1.6204,0.5607,0.5607,0.1950,0.1950,0.0466,0.0466,0.0072,0.0072,0.0006
11,5,4,1.6204,0.5607,0.5607,0.1950,0.1950,0.0466,0.0466,0.0072,0.0072,0.0006
11,5,5,1.6204,0.5607,0.5607,0.1950,0.1950,0.0466,0.0466,0.0072,0.0072,0.0006
11,5,6,1.6204,0.5607,0.5607,0.1950,0.1950,0.0466,0.0466,0.0072,0.0072,0.0006
11,5,7,1.6204,0.5607,0.5607,0.1950,0.1950,0.0466,0.0466,0.0072,0.0072,0.0006
11,5,8,1.6204,0.5607,0.5607,0.1950,0.1950,0.0466,0.0466,0.0072,0.0072,0.0006
11,5,9,1.6204,0.5607,0.5607,0.1950,0.1950,0.0466,0.0466,0.0072,0.0072,0.0006
11,5,10,1.6204,0.5607,0.5607,0.1950,0.1950,0.0466,0.0466,0.0072,0.0072,0.0006
11,5,11,1.6204,0.5607,0.5607,0.1950,0.1950,0.0466,0.0466,0.0072,0.0072,0.0006
11,5,12,1.6204,0.5607,0.5607,0.1950,0.1950,0.0466,0.0466,0.0072,0.0072,0.0006
11,5,13,1.6204,0.5607,0.5607,0.1950,0.1950,0.0466,0.0466,0.0072,0.0072,0.0006
11,5,14,1.6204,0.5607,0.5607,0.1950,0.1950,0.0466,0.0466,0.0072,0.0072,0.0006
12,5,1,0.8102,0.5607,0.1950,0.0466,0.0072,0.0006,0.0000,0.0000,0.0000,0.0000
12,5,2,1.6204,0.5607,0.5607,0.1950,0.1950,0.0466,0.0466,0.0072,0.0072,0.0006
12,5,3,1.6204,0.5607,0.5607,0.1950,0.1950,0.0466,0.0466,0.0072,0.0072,0.0006
12,5,4,1.6204,0.5607,0.5607,0.1950,0.1950,0.0466,0.0466,0.0072,0.0072,0.0006
12,5,5,1.6204,0.5607,0.5607,0.1950,0.1950,0.0466,0.0466,0.0072,0.0072,0.0006
12,5,6,1.6204,0.5607,0.5607,0.1950,0.1950,0.0466,0.0466,0.0072,0.0072,0.0006
12,5,7,1.6204,0.5607,0.5607,0.1950,0.1950,0.0466,0.0466,0.0072,0.0072,0.0006
12,5,8,1.6204,0.5607,0.5607,0.1950,0.1950,0.0466,0.0466,0.0072,0.0072,0.0006
12,5,9,1.6204,0.5607,0.5607,0.1950,0.1950,0.0466,0.0466,0.0072,0.0072,0.0006
12,5,10,1.6204,0.5607,0.5607,0.1950,0.1950,0.0466,0.0466,0.0072,0.0072,0.0006
12,5,11,1.6204,0.5607,0.5607,0.1950,0.1950,0.0466,0.0466,0.0072,0.0072,0.0006
12,5,12,1.6204,0.5607,0.5607,0.1950,0.1950,0.0466,0.0466,0.0072,0.0072,0.0006
12,5,13,1.6204,0.5607,0.5607,0.1950,0.1950,0.0466,0.0466,0.0072,0.0072,0.0006
12,5,14,1.6204,0.5607,0.5607,0.1950,0.1950,0.0466,0.0466,0.0072,0.0072,0.0006
13,5,1,0.8102,0.5607,0.1950,0.0466,0.0072,0.0006,0.0000,0.0000,0.0000,0.0000
13,5,2,1.6204,0.5607,0.5607,0.1950,0.1950,0.0466,0.0466,0.0072,0.0072,0.0006
13,5,3,1.6204,0.5607,0.5607,0.1950,0.1950,0.0466,0.0466,0.0072,0.0072,0.0006
13,5,4,1.6204,0.5607,0.5607,0.1950,0.1950,0.0466,0.0466,0.0072,0.0072,0.0006
13,5,5,1.6204,0.5607,0.5607,0.1950,0.1950,0.0466,0.0466,0.0072,0.0072,0.0006
13,5,6,1.6204,0.5607,0.5607,0.1950,0.1950,0.0466,0.0466,0.0072,0.0072,0.0006
13,5,7,1.6204,0.5607,0.5607,0.1950,0.1950,0.0466,0.0466,0.0072,0.0072,0.0006
13,5,8,1.6204,0.5607,0.5607,0.1950,0.1950,0.0466,0.0466,0.0072,0.0072,0.0006
13,5,9,1.6204,0.5607,0.5607,0.1950,0.1950,0.0466,0.0466,0.0072,0.0072,0.0006
13,5,10,1.6204,0.5607,0.5607,0.1950,0.1950,0.0466,0.0466,0.0072,0.0072,0.0006
13,5,11,1.6204,0.5607,0.5607,0.1950,0.1950,0.0466,0.0466,0.0072,0.0072,0.0006
13,5,12,1.6204,0.5607,0.5607,0.1950,0.1950,0.0466,0.0466,0.0072,0.0072,0.0006
13,5,13,1.6204,0.5607,0.5607,0.1950,0.1950,0.0466,0.0466,0.0072,0.0072,0.0006
13,5,14,1.6204,0.5607,0.5607,0.1950,0.1950,0.0466,0.0466,0.0072,0.0072,0.0006
14,5,1,0.4051,0.3354,0.0618,0.0073,0.0005,0.0000,0.0000,0.0000,0.0000,0.0000
14,5,2,0.8102,0.3354,0.3354,0.0618,0.0618,0.0073,0.0073,0.0005,0.0005,0.0000
14,5,3,0.8102,0.3354,0.3354,0.0618,0.0618,0.0073,0.0073,0.0005,0.0005,0.0000
14,5,4,0.8102,0.3354,0.3354,0.0618,0.0618,0.0073,0.0073,0.0005,0.0005,0.0000
14,5,5,0.8102,0.3354,0.3354,0.0618,0.0618,0.0073,0.0073,0.0005,0.0005,0.0000
14,5,6,0.8102,0.3354,0.3354,0.0618,0.0618,0.0073,0.0073,0.0005,0.0005,0.0000
14,5,7,0.8102,0.3354,0.3354,0.0618,0.0618,0.0073,0.0073,0.0005,0.0005,0.0000
14,5,8,0.8102,0.3354,0.3354,0.0618,0.0618,0.0073,0.0073,0.0005,0.0005,0.0000
14,5,9,0.8102,0.3354,0.3354,0.0618,0.0618,0.0073,0.0073,0.0005,0.0005,0.0000
14,5,10,0.8102,0.3354,0.3354,0.0618,0.0618,0.0073,0.0073,0.0005,0.0005,0.0000
14,5,11,0.8102,0.3354,0.3354,0.0618,0.0618,0.0073,0.0073,0.0005,0.0005,0.0000
14,5,12,0.8102,0.3354,0.3354,0.0618,0.0618,0.0073,0.0073,0.0005,0.0005,0.0000
14,5,13,0.8102,0.3354,0.3354,0.0618,0.0618,0.0073,0.0073,0.0005,0.0005,0.0000
14,5,14,0.8102,0.3354,0.3354,0.0618,0.0618,0.0073,0.0073,0.0005,0.0005,0.0000
2,4,1,1.6204,0.8113,0.4839,0.2289,0.0779,0.0166,0.0016,0.0000,0.0000,0.0000
2,4,2,3.2407,0.8113,0.8113,0.4839,0.4839,0.2289,0.2289,0.0779,0.0779,0.0166
2,4,3,3.2407,0.8113,0.8113,0.4839,0.4839,0.2289,0.2289,0.0779,0.0779,0.0166
2,4,4,3.2407,0.8113,0.8113,0.4839,0.4839,0.2289,0.2289,0.0779,0.0779,0.0166
2,4,5,3.2407,0.8113,0.8113,0.4839,0.4839,0.2289,0.2289,0.0779,0.0779,0.0166
2,4,6,3.2407,0.8113,0.8113,0.4839,0.4839,0.2289,0.2289,0.0779,0.0779,0.0166
2,4,7,3.2407,0.8113,0.8113,0.4839,0.4839,0.2289,0.2289,0.0779,0.0779,0.0166
2,4,8,3.2407,0.8113,0.8113,0.4839,0.4839,0.2289,0.2289,0.0779,0.0779,0.0166
2,4,9,3.2407,0.8113,0.8113,0.4839,0.4839,0.2289,0.2289,0.0779,0.0779,0.0166
2,4,10,3.2407,0.8113,0.8113,0.4839,0.4839,0.2289,0.2289,0.0779,0.0779,0.0166
2,4,11,3.2407,0.8113,0.8113,0.4839,0.4839,0.2289,0.2289,0.0779,0.0779,0.0166
2,4,12,3.2407,0.8113,0.8113,0.4839,0.4839,0.2289,0.2289,0.0779,0.0779,0.0166
2,4,13,3.2407,0.8113,0.8113,0.4839,0.4839,0.2289,0.2289,0.0779,0.0779,0.0166
2,4,14,3.2407,0.8113,0.8113,0.4839,0.4839,0.2289,0.2289,0.0779,0.0779,0.0166
3,4,1,1.6204,0.8113,0.4839,0.2289,0.0779,0.0166,0.0016,0.0000,0.0000,0.0000
3,4,2,3.2407,0.8113,0.8113,0.4839,0.4839,0.2289,0.2289,0.0779,0.0779,0.0166
3,4,3,3.2407,0.8113,0.8113,0.4839,0.4839,0.2289,0.2289,0.0779,0.0779,0.0166
3,4,4,3.2407,0.8113,0.8113,0.4839,0.4839,0.2289,0.2289,0.0779,0.0779,0.0166
3,4,5,3.2407,0.8113,0.8113,0.4839,0.4839,0.2289,0.2289,0.0779,0.0779,0.0166
3,4,6,3.2407,0.8113,0.8113,0.4839,0.4839,0.2289,0.2289,0.0779,0.0779,0.0166
3,4,7,3.2407,0.8113,0.8113,0.4839,0.4839,0.2289,0.2289,0.0779,0.0779,0.0166
3,4,8,3.2407,0.8113,0.8113,0.4839,0.4839,0.2289,0.2289,0.0779,0.0779,0.0166
3,4,9,3.2407,0.8113,0.8113,0.4839,0.4839,0.2289,0.2289,0.0779,0.0779,0.0166
3,4,10,3.2407,0.8113,0.8113,0.4839,0.4839,0.2289,0.2289,0.0779,0.0779,0.0166
3,4,11,3.2407,0.8113,0.8113,0.4839,0.4839,0.2289,0.2289,0.0779,0.0779,0.0166
3,4,12,3.2407,0.8113,0.8113,0.4839,0.4839,0.2289,0.2289,0.0779,0.0779,0.0166
3,4,13,3.2407,0.8113,0.8113,0.4839,0.4839,0.2289,0.2289,0.0779,0.0779,0.0166
3,4,14,3.2407,0.8113,0.8113,0.4839,0.4839,0.2289,0.2289,0.0779,0.0779,0.0166
4,4,1,1.2963,0.7343,0.3747,0.1433,0.0376,0.0060,0.0004,0.0000,0.0000,0.0000
4,4,2,2.5926,0.7343,0.7343,0.3747,0.3747,0.1433,0.1433,0.0376,0.0376,0.0060
4,4,3,2.5926,0.7343,0.7343,0.3747,0.3747,0.1433,0.1433,0.0376,0.0376,0.0060
4,4,4,2.5926,0.7343,0.7343,0.3747,0.3747,0.1433,0.1433,0.0376,0.0376,0.0060
4,4,5,2.5926,0.7343,0.7343,0.3747,0.3747,0.1433,0.1433,0.0376,0.0376,0.0060
4,4,6,2.5926,0.7343,0.7343,0.3747,0.3747,0.1433,0.1433,0.0376,0.0376,0.0060
4,4,7,2.5926,0.7343,0.7343,0.3747,0.3747,0.1433,0.1433,0.0376,0.0376,0.0060
4,4,8,2.5926,0.7343,0.7343,0.3747,0.3747,0.1433,0.1433,0.0376,0.0376,0.0060
4,4,9,2.5926,0.7343,0.7343,0.3747,0.3747,0.1433,0.1433,0.0376,0.0376,0.0060
4,4,10,2.5926,0.7343,0.7343,0.3747,0.3747,0.1433,0.1433,0.0376,0.0376,0.0060
4,4,11,2.5926,0.7343,0.7343,0.3747,0.3747,0.1433,0.1433,0.0376,0.0376,0.0060
4,4,12,2.5926,0.7343,0.7343,0.3747,0.3747,0.1433,0.1433,0.0376,0.0376,0.0060
4,4,13,2.5926,0.7343,0.7343,0.3747,0.3747,0.1433,0.1433,0.0376,0.0376,0.0060
4,4,14,2.5926,0.7343,0.7343,0.3747,0.3747,0.1433,0.1433,0.0376,0.0376,0.0060
5,4,1,1.2963,0.7343,0.3747,0.1433,0.0376,0.0060,0.0004,0.0000,0.0000,0.0000
5,4,2,2.5926,0.7343,0.7343,0.3747,0.3747,0.1433,0.1433,0.0376,0.0376,0.0060
5,4,3,2.5926,0.7343,0.7343,0.3747,0.3747,0.1433,0.1433,0.0376,0.0376,0.0060
5,4,4,2.5926,0.7343,0.7343,0.3747,0.3747,0.1433,0.1433,0.0376,0.0376,0.0060
5,4,5,2.5926,0.7343,0.7343,0.3747,0.3747,0.1433,0.1433,0.0376,0.0376,0.0060
5,4,6,2.5926,0.7343,0.7343,0.3747,0.3747,0.1433,0.1433,0.0376,0.0376,0.0060
5,4,7,2.5926,0.7343,0.7343,0.3747,0.3747,0.1433,0.1433,0.0376,0.0376,0.0060
5,4,8,2.5926,0.7343,0.7343,0.3747,0.3747,0.1433,0.1433,0.0376,0.0376,0.0060
5,4,9,2.5926,0.7343,0.7343,0.3747,0.3747,0.1433,0.1433,0.0376,0.0376,0.0060
5,4,10,2.5926,0.7343,0.7343,0.3747,0.3747,0.1433,0.1433,0.0376,0.0376,0.0060
5,4,11,2.5926,0.7343,0.7343,0.3747,0.3747,0.1433,0.1433,0.0376,0.0376,0.0060
5,4,12,2.5926,0.7343,0.7343,0.3747,0.3747,0.1433,0.1433,0.0376,0.0376,0.0060
5,4,13,2.5926,0.7343,0.7343,0.3747,0.3747,0.1433,0.1433,0.0376,0.0376,0.0060
5,4,14,2.5926,0.7343,0.7343,0.3747,0.3747,0.1433,0.1433,0.0376,0.0376,0.0060
6,4,1,1.2963,0.7343,0.3747,0.1433,0.0376,0.0060,0.0004,0.0000,0.0000,0.0000
6,4,2,2.5926,0.7343,0.7343,0.3747,0.3747,0.1433,0.1433,0.0376,0.0376,0.0060
6,4,3,2.5926,0.7343,0.7343,0.3747,0.3747,0.1433,0.1433,0.0376,0.0376,0.0060
6,4,4,2.5926,0.7343,0.7343,0.3747,0.3747,0.1433,0.1433,0.0376,0.0376,0.0060
6,4,5,2.5926,0.7343,0.7343,0.3747,0.3747,0.1433,0.1433,0.0376,0.0376,0.0060
6,4,6,2.5926,0.7343,0.7343,0.3747,0.3747,0.1433,0.1433,0.0376,0.0376,0.0060
6,4,7,2.5926,0.7343,0.7343,0.3747,0.3747,0.1433,0.1433,0.0376,0.0376,0.0060
6,4,8,2.5926,0.7343,0.7343,0.3747,0.3747,0.1433,0.1433,0.0376,0.0376,0.0060
6,4,9,2.5926,0.7343,0.7343,0.3747,0.3747,0.1433,0.1433,0.0376,0.0376,0.0060
6,4,10,2.5926,0.7343,0.7343,0.3747,0.3747,0.1433,0.1433,0.0376,0.0376,0.0060
6,4,11,2.5926,0.7343,0.7343,0.3747,0.3747,0.1433,0.1433,0.0376,0.0376,0.0060
6,4,12,2.5926,0.7343,0.7343,0.3747,0.3747,0.1433,0.1433,0.0376,0.0376,0.0060
6,4,13,2.5926,0.7343,0.7343,0.3747,0.3747,0.1433,0.1433,0.0376,0.0376,0.0060
6,4,14,2.5926,0.7343,0.7343,0.3747,0.3747,0.1433,0.1433,0.0376,0.0376,0.0060
7,4,1,0.9722,0.6282,0.2552,0.0733,0.0139,0.0015,0.0001,0.0000,0.0000,0.0000
7,4,2,1.9444,0.6282,0.6282,0.2552,0.2552,0.0733,0.0733,0.0139,0.0139,0.0015
7,4,3,1.9444,0.6282,0.6282,0.2552,0.2552,0.0733,0.0733,0.0139,0.0139,0.0015
7,4,4,1.9444,0.6282,0.6282,0.2552,0.2552,0.0733,0.0733,0.0139,0.0139,0.0015
7,4,5,1.9444,0.6282,0.6282,0.2552,0.2552,0.0733,0.0733,0.0139,0.0139,0.0015
7,4,6,1.9444,0.6282,0.6282,0.2552,0.2552,0.0733,0.0733,0.0139,0.0139,0.0015
7,4,7,1.9444,0.6282,0.6282,0.2552,0.2552,0.0733,0.0733,0.0139,0.0139,0.0015
7,4,8,1.9444,0.6282,0.6282,0.2552,0.2552,0.0733,0.0733,0.0139,0.0139,0.0015
7,4,9,1.9444,0.6282,0.6282,0.2552,0.2552,0.0733,0.0733,0.0139,0.0139,0.0015
7,4,10,1.9444,0.6282,0.6282,0.2552,0.2552,0.0733,0.0733,0.0139,0.0139,0.0015
7,4,11,1.9444,0.6282,0.6282,0.2552,0.2552,0.0733,0.0733,0.0139,0.0139,0.0015
7,4,12,1.9444,0.6282,0.6282,0.2552,0.2552,0.0733,0.0733,0.0139,0.0139,0.0015
7,4,13,1.9444,0.6282,0.6282,0.2552,0.2552,0.0733,0.0733,0.0139,0.0139,0.0015
7,4,14,1.9444,0.6282,0.6282,0.2552,0.2552,0.0733,0.0733,0.0139,0.0139,0.0015
8,4,1,0.6481,0.4813,0.1373,0.0262,0.0032,0.0002,0.0000,0.0000,0.0000,0.0000
8,4,2,1.2963,0.4813,0.4813,0.1373,0.1373,0.0262,0.0262,0.0032,0.0032,0.0002
8,4,3,1.2963,0.4813,0.4813,0.1373,0.1373,0.0262,0.0262,0.0032,0.0032,0.0002
8,4,4,1.2963,0.4813,0.4813,0.1373,0.1373,0.0262,0.0262,0.0032,0.0032,0.0002
8,4,5,1.2963,0.4813,0.4813,0.1373,0.1373,0.0262,0.0262,0.0032,0.0032,0.0002
8,4,6,1.2963,0.4813,0.4813,0.1373,0.1373,0.0262,0.0262,0.0032,0.0032,0.0002
8,4,7,1.2963,0.4813,0.4813,0.1373,0.1373,0.0262,0.0262,0.0032,0.0032,0.0002
8,4,8,1.2963,0.4813,0.4813,0.1373,0.1373,0.0262,0.0262,0.0032,0.0032,0.0002
8,4,9,1.2963,0.4813,0.4813,0.1373,0.1373,0.0262,0.0262,0.0032,0.0032,0.0002
8,4,10,1.2963,0.4813,0.4813,0.1373,0.1373,0.0262,0.0262,0.0032,0.0032,0.0002
8,4,11,1.2963,0.4813,0.4813,0.1373,0.1373,0.0262,0.0262,0.0032,0.0032,0.0002
8,4,12,1.2963,0.4813,0.4813,0.1373,0.1373,0.0262,0.0262,0.0032,0.0032,0.0002
8,4,13,1.2963,0.4813,0.4813,0.1373,0.1373,0.0262,0.0262,0.0032,0.0032,0.0002
8,4,14,1.2963,0.4813,0.4813,0.1373,0.1373,0.0262,0.0262,0.0032,0.0032,0.0002
9,4,1,0.6481,0.4813,0.1373,0.0262,0.0032,0.0002,0.0000,0.0000,0.0000,0.0000
9,4,2,1.2963,0.4813,0.4813,0.1373,0.1373,0.0262,0.0262,0.0032,0.0032,0.0002
9,4,3,1.2963,0.4813,0.4813,0.1373,0.1373,0.0262,0.0262,0.0032,0.0032,0.0002
9,4,4,1.2963,0.4813,0.4813,0.1373,0.1373,0.0262,0.0262,0.0032,0.0032,0.0002
9,4,5,1.2963,0.4813,0.4813,0.1373,0.1373,0.0262,0.0262,0.0032,0.0032,0.0002
9,4,6,1.2963,0.4813,0.4813,0.1373,0.1373,0.0262,0.0262,0.0032,0.0032,0.0002
9,4,7,1.2963,0.4813,0.4813,0.1373,0.1373,0.0262,0.0262,0.0032,0.0032,0.0002
9,4,8,1.2963,0.4813,0.4813,0.1373,0.1373,0.0262,0.0262,0.0032,0.0032,0.0002
9,4,9,1.2963,0.4813,0.4813,0.1373,0.1373,0.0262,0.0262,0.0032,0.0032,0.0002
9,4,10,1.2963,0.4813,0.4813,0.1373,0.1373,0.0262,0.0262,0.0032,0.0032,0.0002
9,4,11,1.2963,0.4813,0.4813,0.1373,0.1373,0.0262,0.0262,0.0032,0.0032,0.0002
9,4,12,1.2963,0.4813,0.4813,0.1373,0.1373,0.0262,0.0262,0.0032,0.0032,0.0002
9,4,13,1.2963,0.4813,0.4813,0.1373,0.1373,0.0262,0.0262,0.0032,0.0032,0.0002
9,4,14,1.2963,0.4813,0.4813,0.1373,0.1373,0.0262,0.0262,0.0032,0.0032,0.0002
10,4,1,0.6481,0.4813,0.1373,0.0262,0.0032,0.0002,0.0000,0.0000,0.0000,0.0000
10,4,2,1.2963,0.4813,0.4813,0.1373,0.1373,0.0262,0.0262,0.0032,0.0032,0.0002
10,4,3,1.2963,0.4813,0.4813,0.1373,0.1373,0.0262,0.0262,0.0032,0.0032,0.0002
10,4,4,1.2963,0.4813,0.4813,0.1373,0.1373,0.0262,0.0262,0.0032,0.0032,0.0002
10,4,5,1.2963,0.4813,0.4813,0.1373,0.1373,0.0262,0.0262,0.0032,0.0032,0.0002
10,4,6,1.2963,0.4813,0.4813,0.1373,0.1373,0.0262,0.0262,0.0032,0.0032,0.0002
10,4,7,1.2963,0.4813,0.4813,0.1373,0.1373,0.0262,0.0262,0.0032,0.0032,0.0002
10,4,8,1.2963,0.4813,0.4813,0.1373,0.1373,0.0262,0.0262,0.0032,0.0032,0.0002
10,4,9,1.2963,0.4813,0.4813,0.1373,0.1373,0.0262,0.0262,0.0032,0.0032,0.0002
10,4,10,1.2963,0.4813,0.4813,0.1373,0.1373,0.0262,0.0262,0.0032,0.0032,0.0002
10,4,11,1.2963,0.4813,0.4813,0.1373,0.1373,0.0262,0.0262,0.0032,0.0032,0.0002
10,4,12,1.2963,0.4813,0.4813,0.1373,0.1373,0.0262,0.0262,0.0032,0.0032,0.0002
10,4,13,1.2963,0.4813,0.4813,0.1373,0.1373,0.0262,0.0262,0.0032,0.0032,0.0002
10,4,14,1.2963,0.4813,0.4813,0.1373,0.1373,0.0262,0.0262,0.0032,0.0032,0.0002
11,4,1,0.6481,0.4813,0.1373,0.0262,0.0032,0.0002,0.0000,0.0000,0.0000,0.0000
11,4,2,1.2963,0.4813,0.4813,0.1373,0.1373,0.0262,0.0262,0.0032,0.0032,0.0002
11,4,3,1.2963,0.4813,0.4813,0.1373,0.1373,0.0262,0.0262,0.0032,0.0032,0.0002
11,4,4,1.2963,0.4813,0.4813,0.1373,0.1373,0.0262,0.0262,0.0032,0.0032,0.0002
11,4,5,1.2963,0.4813,0.4813,0.1373,0.1373,0.0262,0.0262,0.0032,0.0032,0.0002
11,4,6,1.2963,0.4813,0.4813,0.1373,0.1373,0.0262,0.0262,0.0032,0.0032,0.0002
11,4,7,1.2963,0.4813,0.4813,0.1373,0.1373,0.0262,0.0262,0.0032,0.0032,0.0002
11,4,8,1.2963,0.4813,0.4813,0.1373,0.1373,0.0262,0.0262,0.0032,0.0032,0.0002
11,4,9,1.2963,0.4813,0.4813,0.1373,0.1373,0.0262,0.0262,0.0032,0.0032,0.0002
11,4,10,1.2963,0.4813,0.4813,0.1373,0.1373,0.0262,0.0262,0.0032,0.0032,0.0002
11,4,11,1.2963,0.4813,0.4813,0.1373,0.1373,0.0262,0.0262,0.0032,0.0032,0.0002
11,4,12,1.2963,0.4813,0.4813,0.1373,0.1373,0.0262,0.0262,0.0032,0.0032,0.0002
11,4,13,1.2963,0.4813,0.4813,0.1373,0.1373,0.0262,0.0262,0.0032,0.0032,0.0002
11,4,14,1.2963,0.4813,0.4813,0.1373,0.1373,0.0262,0.0262,0.0032,0.0032,0.0002
12,4,1,0.6481,0.4813,0.1373,0.0262,0.0032,0.0002,0.0000,0.0000,0.0000,0.0000
12,4,2,1.2963,0.4813,0.4813,0.1373,0.1373,0.0262,0.0262,0.0032,0.0032,0.0002
12,4,3,1.2963,0.4813,0.4813,0.1373,0.1373,0.0262,0.0262,0.0032,0.0032,0.0002
12,4,4,1.2963,0.4813,0.4813,0.1373,0.1373,0.0262,0.0262,0.0032,0.0032,0.0002
12,4,5,1.2963,0.4813,0.4813,0.1373,0.1373,0.0262,0.0262,0.0032,0.0032,0.0002
12,4,6,1.2963,0.4813,0.4813,0.1373,0.1373,0.0262,0.0262,0.0032,0.0032,0.0002
12,4,7,1.2963,0.4813,0.4813,0.1373,0.1373,0.0262,0.0262,0.0032,0.0032,0.0002
12,4,8,1.2963,0.4813,0.4813,0.1373,0.1373,0.0262,0.0262,0.0032,0.0032,0.0002
12,4,9,1.2963,0.4813,0.4813,0.1373,0.1373,0.0262,0.0262,0.0032,0.0032,0.0002
12,4,10,1.2963,0.4813,0.4813,0.1373,0.1373,0.0262,0.0262,0.0032,0.0032,0.0002
12,4,11,1.2963,0.4813,0.4813,0.1373,0.1373,0.0262,0.0262,0.0032,0.0032,0.0002
12,4,12,1.2963,0.4813,0.4813,0.1373,0.1373,0.0262,0.0262,0.0032,0.0032,0.0002
12,4,13,1.2963,0.4813,0.4813,0.1373,0.1373,0.0262,0.0262,0.0032,0.0032,0.0002
12,4,14,1.2963,0.4813,0.4813,0.1373,0.1373,0.0262,0.0262,0.0032,0.0032,0.0002
13,4,1,0.6481,0.4813,0.1373,0.0262,0.0032,0.0002,0.0000,0.0000,0.0000,0.0000
13,4,2,1.2963,0.4813,0.4813,0.1373,0.1373,0.0262,0.0262,0.0032,0.0032,0.0002
13,4,3,1.2963,0.4813,0.4813,0.1373,0.1373,0.0262,0.0262,0.0032,0.0032,0.0002
13,4,4,1.2963,0.4813,0.4813,0.1373,0.1373,0.0262,0.0262,0.0032,0.0032,0.0002
13,4,5,1.2963,0.4813,0.4813,0.1373,0.1373,0.0262,0.0262,0.0032,0.0032,0.0002
13,4,6,1.2963,0.4813,0.4813,0.1373,0.1373,0.0262,0.0262,0.0032,0.0032,0.0002
13,4,7,1.2963,0.4813,0.4813,0.1373,0.1373,0.0262,0.0262,0.0032,0.0032,0.0002
13,4,8,1.2963,0.4813,0.4813,0.1373,0.1373,0.0262,0.0262,0.0032,0.0032,0.0002
13,4,9,1.2963,0.4813,0.4813,0.1373,0.1373,0.0262,0.0262,0.0032,0.0032,0.0002
13,4,10,1.2963,0.4813,0.4813,0.1373,0.1373,0.0262,0.0262,0.0032,0.0032,0.0002
13,4,11,1.2963,0.4813,0.4813,0.1373,0.1373,0.0262,0.0262,0.0032,0.0032,0.0002
13,4,12,1.2963,0.4813,0.4813,0.1373,0.1373,0.0262,0.0262,0.0032,0.0032,0.0002
13,4,13,1.2963,0.4813,0.4813,0.1373,0.1373,0.0262,0.0262,0.0032,0.0032,0.0002
13,4,14,1.2963,0.4813,0.4813,0.1373,0.1373,0.0262,0.0262,0.0032,0.0032,0.0002
14,4,1,0.3241,0.2784,0.0415,0.0039,0.0002,0.0000,0.0000,0.0000,0.0000,0.0000
14,4,2,0.6481,0.2784,0.2784,0.0415,0.0415,0.0039,0.0039,0.0002,0.0002,0.0000
14,4,3,0.6481,0.2784,0.2784,0.0415,0.0415,0.0039,0.0039,0.0002,0.0002,0.0000
14,4,4,0.6481,0.2784,0.2784,0.0415,0.0415,0.0039,0.0039,0.0002,0.0002,0.0000
14,4,5,0.6481,0.2784,0.2784,0.0415,0.0415,0.0039,0.0039,0.0002,0.0002,0.0000
14,4,6,0.6481,0.2784,0.2784,0.0415,0.0415,0.0039,0.0039,0.0002,0.0002,0.0000
14,4,7,0.6481,0.2784,0.2784,0.0415,0.0415,0.0039,0.0039,0.0002,0.0002,0.0000
14,4,8,0.6481,0.2784,0.2784,0.0415,0.0415,0.0039,0.0039,0.0002,0.0002,0.0000
14,4,9,0.6481,0.2784,0.2784,0.0415,0.0415,0.0039,0.0039,0.0002,0.0002,0.0000
14,4,10,0.6481,0.2784,0.2784,0.0415,0.0415,0.0039,0.0039,0.0002,0.0002,0.0000
14,4,11,0.6481,0.2784,0.2784,0.0415,0.0415,0.0039,0.0039,0.0002,0.0002,0.0000
14,4,12,0.6481,0.2784,0.2784,0.0415,0.0415,0.0039,0.0039,0.0002,0.0002,0.0000
14,4,13,0.6481,0.2784,0.2784,0.0415,0.0415,0.0039,0.0039,0.0002,0.0002,0.0000
14,4,14,0.6481,0.2784,0.2784,0.0415,0.0415,0.0039,0.0039,0.0002,0.0002,0.0000
2,3,1,1.2153,0.7109,0.3454,0.1240,0.0302,0.0044,0.0003,0.0000,0.0000,0.0000
2,3,2,2.4306,0.7109,0.7109,0.3454,0.3454,0.1240,0.1240,0.0302,0.0302,0.0044
2,3,3,2.4306,0.7109,0.7109,0.3454,0.3454,0.1240,0.1240,0.0302,0.0302,0.0044
2,3,4,2.4306,0.7109,0.7109,0.3454,0.3454,0.1240,0.1240,0.0302,0.0302,0.0044
2,3,5,2.4306,0.7109,0.7109,0.3454,0.3454,0.1240,0.1240,0.0302,0.0302,0.0044
2,3,6,2.4306,0.7109,0.7109,0.3454,0.3454,0.1240,0.1240,0.0302,0.0302,0.0044
2,3,7,2.4306,0.7109,0.7109,0.3454,0.3454,0.1240,0.1240,0.0302,0.0302,0.0044
2,3,8,2.4306,0.7109,0.7109,0.3454,0.3454,0.1240,0.1240,0.0302,0.0302,0.0044
2,3,9,2.4306,0.7109,0.7109,0.3454,0.3454,0.1240,0.1240,0.0302,0.0302,0.0044
2,3,10,2.4306,0.7109,0.7109,0.3454,0.3454,0.1240,0.1240,0.0302,0.0302,0.0044
2,3,11,2.4306,0.7109,0.7109,0.3454,0.3454,0.1240,0.1240,0.0302,0.0302,0.0044
2,3,12,2.4306,0.7109,0.7109,0.3454,0.3454,0.1240,0.1240,0.0302,0.0302,0.0044
2,3,13,2.4306,0.7109,0.7109,0.3454,0.3454,0.1240,0.1240,0.0302,0.0302,0.0044
2,3,14,2.4306,0.7109,0.7109,0.3454,0.3454,0.1240,0.1240,0.0302,0.0302,0.0044
3,3,1,1.2153,0.7109,0.3454,0.1240,0.0302,0.0044,0.0003,0.0000,0.0000,0.0000
3,3,2,2.4306,0.7109,0.7109,0.3454,0.3454,0.1240,0.1240,0.0302,0.0302,0.0044
3,3,3,2.4306,0.7109,0.7109,0.3454,0.3454,0.1240,0.1240,0.0302,0.0302,0.0044
3,3,4,2.4306,0.7109,0.7109,0.3454,0.3454,0.1240,0.1240,0.0302,0.0302,0.0044
3,3,5,2.4306,0.7109,0.7109,0.3454,0.3454,0.1240,0.1240,0.0302,0.0302,0.0044
3,3,6,2.4306,0.7109,0.7109,0.3454,0.3454,0.1240,0.1240,0.0302,0.0302,0.0044
3,3,7,2.4306,0.7109,0.7109,0.3454,0.3454,0.1240,0.1240,0.0302,0.0302,0.0044
3,3,8,2.4306,0.7109,0.7109,0.3454,0.3454,0.1240,0.1240,0.0302,0.0302,0.0044
3,3,9,2.4306,0.7109,0.7109,0.3454,0.3454,0.1240,0.1240,0.0302,0.0302,0.0044
3,3,10,2.4306,0.7109,0.7109,0.3454,0.3454,0.1240,0.1240,0.0302,0.0302,0.0044
3,3,11,2.4306,0.7109,0.7109,0.3454,0.3454,0.1240,0.1240,0.0302,0.0302,0.0044
3,3,12,2.4306,0.7109,0.7109,0.3454,0.3454,0.1240,0.1240,0.0302,0.0302,0.0044
3,3,13,2.4306,0.7109,0.7109,0.3454,0.3454,0.1240,0.1240,0.0302,0.0302,0.0044
3,3,14,2.4306,0.7109,0.7109,0.3454,0.3454,0.1240,0.1240,0.0302,0.0302,0.0044
4,3,1,0.9722,0.6282,0.2552,0.0733,0.0139,0.0015,0.0001,0.0000,0.0000,0.0000
4,3,2,1.9444,0.6282,0.6282,0.2552,0.2552,0.0733,0.0733,0.0139,0.0139,0.0015
4,3,3,1.9444,0.6282,0.6282,0.2552,0.2552,0.0733,0.0733,0.0139,0.0139,0.0015
4,3,4,1.9444,0.6282,0.6282,0.2552,0.2552,0.0733,0.0733,0.0139,0.0139,0.0015
4,3,5,1.9444,0.6282,0.6282,0.2552,0.2552,0.0733,0.0733,0.0139,0.0139,0.0015
4,3,6,1.9444,0.6282,0.6282,0.2552,0.2552,0.0733,0.0733,0.0139,0.0139,0.0015
4,3,7,1.9444,0.6282,0.6282,0.2552,0.2552,0.0733,0.0733,0.0139,0.0139,0.0015
4,3,8,1.9444,0.6282,0.6282,0.2552,0.2552,0.0733,0.0733,0.0139,0.0139,0.0015
4,3,9,1.9444,0.6282,0.6282,0.2552,0.2552,0.0733,0.0733,0.0139,0.0139,0.0015
4,3,10,1.9444,0.6282,0.6282,0.2552,0.2552,0.0733,0.0733,0.0139,0.0139,0.0015
4,3,11,1.9444,0.6282,0.6282,0.2552,0.2552,0.0733,0.0733,0.0139,0.0139,0.0015
4,3,12,1.9444,0.6282,0.6282,0.2552,0.2552,0.0733,0.0733,0.0139,0.0139,0.0015
4,3,13,1.9444,0.6282,0.6282,0.2552,0.2552,0.0733,0.0733,0.0139,0.0139,0.0015
4,3,14,1.9444,0.6282,0.6282,0.2552,0.2552,0.0733,0.0733,0.0139,0.0139,0.0015
5,3,1,0.9722,0.6282,0.2552,0.0733,0.0139,0.0015,0.0001,0.0000,0.0000,0.0000
5,3,2,1.9444,0.6282,0.6282,0.2552,0.2552,0.0733,0.0733,0.0139,0.0139,0.0015
5,3,3,1.9444,0.6282,0.6282,0.2552,0.2552,0.0733,0.0733,0.0139,0.0139,0.0015
5,3,4,1.9444,0.6282,0.6282,0.2552,0.2552,0.0733,0.0733,0.0139,0.0139,0.0015
5,3,5,1.9444,0.6282,0.6282,0.2552,0.2552,0.0733,0.0733,0.0139,0.0139,0.0015
5,3,6,1.9444,0.6282,0.6282,0.2552,0.2552,0.0733,0.0733,0.0139,0.0139,0.0015
5,3,7,1.9444,0.6282,0.6282,0.2552,0.2552,0.0733,0.0733,0.0139,0.0139,0.0015
5,3,8,1.9444,0.6282,0.6282,0.2552,0.2552,0.0733,0.0733,0.0139,0.0139,0.0015
5,3,9,1.9444,0.6282,0.6282,0.2552,0.2552,0.0733,0.0733,0.0139,0.0139,0.0015
5,3,10,1.9444,0.6282,0.6282,0.2552,0.2552,0.0733,0.0733,0.0139,0.0139,0.0015
5,3,11,1.9444,0.6282,0.6282,0.2552,0.2552,0.0733,0.0733,0.0139,0.0139,0.0015
5,3,12,1.9444,0.6282,0.6282,0.2552,0.2552,0.0733,0.0733,0.0139,0.0139,0.0015
5,3,13,1.9444,0.6282,0.6282,0.2552,0.2552,0.0733,0.0733,0.0139,0.0139,0.0015
5,3,14,1.9444,0.6282,0.6282,0.2552,0.2552,0.0733,0.0733,0.0139,0.0139,0.0015
6,3,1,0.9722,0.6282,0.2552,0.0733,0.0139,0.0015,0.0001,0.0000,0.0000,0.0000
6,3,2,1.9444,0.6282,0.6282,0.2552,0.2552,0.0733,0.0733,0.0139,0.0139,0.0015
6,3,3,1.9444,0.6282,0.6282,0.2552,0.2552,0.0733,0.0733,0.0139,0.0139,0.0015
6,3,4,1.9444,0.6282,0.6282,0.2552,0.2552,0.0733,0.0733,0.0139,0.0139,0.0015
6,3,5,1.9444,0.6282,0.6282,0.2552,0.2552,0.0733,0.0733,0.0139,0.0139,0.0015
6,3,6,1.9444,0.6282,0.6282,0.2552,0.2552,0.0733,0.0733,0.0139,0.0139,0.0015
6,3,7,1.9444,0.6282,0.6282,0.2552,0.2552,0.0733,0.0733,0.0139,0.0139,0.0015
6,3,8,1.9444,0.6282,0.6282,0.2552,0.2552,0.0733,0.0733,0.0139,0.0139,0.0015
6,3,9,1.9444,0.6282,0.6282,0.2552,0.2552,0.0733,0.0733,0.0139,0.0139,0.0015
6,3,10,1.9444,0.6282,0.6282,0.2552,0.2552,0.0733,0.0733,0.0139,0.0139,0.0015
6,3,11,1.9444,0.6282,0.6282,0.2552,0.2552,0.0733,0.0733,0.0139,0.0139,0.0015
6,3,12,1.9444,0.6282,0.6282,0.2552,0.2552,0.0733,0.0733,0.0139,0.0139,0.0015
6,3,13,1.9444,0.6282,0.6282,0.2552,0.2552,0.0733,0.0733,0.0139,0.0139,0.0015
6,3,14,1.9444,0.6282,0.6282,0.2552,0.2552,0.0733,0.0733,0.0139,0.0139,0.0015
7,3,1,0.7292,0.5226,0.1657,0.0356,0.0049,0.0004,0.0000,0.0000,0.0000,0.0000
7,3,2,1.4583,0.5226,0.5226,0.1657,0.1657,0.0356,0.0356,0.0049,0.0049,0.0004
7,3,3,1.4583,0.5226,0.5226,0.1657,0.1657,0.0356,0.0356,0.0049,0.0049,0.0004
7,3,4,1.4583,0.5226,0.5226,0.1657,0.1657,0.0356,0.0356,0.0049,0.0049,0.0004
7,3,5,1.4583,0.5226,0.5226,0.1657,0.1657,0.0356,0.0356,0.0049,0.0049,0.0004
7,3,6,1.4583,0.5226,0.5226,0.1657,0.1657,0.0356,0.0356,0.0049,0.0049,0.0004
7,3,7,1.4583,0.5226,0.5226,0.1657,0.1657,0.0356,0.0356,0.0049,0.0049,0.0004
7,3,8,1.4583,0.5226,0.5226,0.1657,0.1657,0.0356,0.0356,0.0049,0.0049,0.0004
7,3,9,1.4583,0.5226,0.5226,0.1657,0.1657,0.0356,0.0356,0.0049,0.0049,0.0004
7,3,10,1.4583,0.5226,0.5226,0.1657,0.1657,0.0356,0.0356,0.0049,0.0049,0.0004
7,3,11,1.4583,0.5226,0.5226,0.1657,0.1657,0.0356,0.0356,0.0049,0.0049,0.0004
7,3,12,1.4583,0.5226,0.5226,0.1657,0.1657,0.0356,0.0356,0.0049,0.0049,0.0004
7,3,13,1.4583,0.5226,0.5226,0.1657,0.1657,0.0356,0.0356,0.0049,0.0049,0.0004
7,3,14,1.4583,0.5226,0.5226,0.1657,0.1657,0.0356,0.0356,0.0049,0.0049,0.0004
8,3,1,0.4861,0.3880,0.0849,0.0121,0.0011,0.0001,0.0000,0.0000,0.0000,0.0000
8,3,2,0.9722,0.3880,0.3880,0.0849,0.0849,0.0121,0.0121,0.0011,0.0011,0.0001
8,3,3,0.9722,0.3880,0.3880,0.0849,0.0849,0.0121,0.0121,0.0011,0.0011,0.0001
8,3,4,0.9722,0.3880,0.3880,0.0849,0.0849,0.0121,0.0121,0.0011,0.0011,0.0001
8,3,5,0.9722,0.3880,0.3880,0.0849,0.0849,0.0121,0.0121,0.0011,0.0011,0.0001
8,3,6,0.9722,0.3880,0.3880,0.0849,0.0849,0.0121,0.0121,0.0011,0.0011,0.0001
8,3,7,0.9722,0.3880,0.3880,0.0849,0.0849,0.0121,0.0121,0.0011,0.0011,0.0001
8,3,8,0.9722,0.3880,0.3880,0.0849,0.0849,0.0121,0.0121,0.0011,0.0011,0.0001
8,3,9,0.9722,0.3880,0.3880,0.0849,0.0849,0.0121,0.0121,0.0011,0.0011,0.0001
8,3,10,0.9722,0.3880,0.3880,0.0849,0.0849,0.0121,0.0121,0.0011,0.0011,0.0001
8,3,11,0.9722,0.3880,0.3880,0.0849,0.0849,0.0121,0.0121,0.0011,0.0011,0.0001
8,3,12,0.9722,0.3880,0.3880,0.0849,0.0849,0.0121,0.0121,0.0011,0.0011,0.0001
8,3,13,0.9722,0.3880,0.3880,0.0849,0.0849,0.0121,0.0121,0.0011,0.0011,0.0001
8,3,14,0.9722,0.3880,0.3880,0.0849,0.0849,0.0121,0.0121,0.0011,0.0011,0.0001
9,3,1,0.4861,0.3880,0.0849,0.0121,0.0011,0.0001,0.0000,0.0000,0.0000,0.0000
9,3,2,0.9722,0.3880,0.3880,0.0849,0.0849,0.0121,0.0121,0.0011,0.0011,0.0001
9,3,3,0.9722,0.3880,0.3880,0.0849,0.0849,0.0121,0.0121,0.0011,0.0011,0.0001
9,3,4,0.9722,0.3880,0.3880,0.0849,0.0849,0.0121,0.0121,0.0011,0.0011,0.0001
9,3,5,0.9722,0.3880,0.3880,0.0849,0.0849,0.0121,0.0121,0.0011,0.0011,0.0001
9,3,6,0.9722,0.3880,0.3880,0.0849,0.0849,0.0121,0.0121,0.0011,0.0011,0.0001
9,3,7,0.9722,0.3880,0.3880,0.0849,0.0849,0.0121,0.0121,0.0011,0.0011,0.0001
9,3,8,0.9722,0.3880,0.3880,0.0849,0.0849,0.0121,0.0121,0.0011,0.0011,0.0001
9,3,9,0.9722,0.3880,0.3880,0.0849,0.0849,0.0121,0.0121,0.0011,0.0011,0.0001
9,3,10,0.9722,0.3880,0.3880,0.0849,0.0849,0.0121,0.0121,0.0011,0.0011,0.0001
9,3,11,0.9722,0.3880,0.3880,0.0849,0.0849,0.0121,0.0121,0.0011,0.0011,0.0001
9,3,12,0.9722,0.3880,0.3880,0.0849,0.0849,0.0121,0.0121,0.0011,0.0011,0.0001
9,3,13,0.9722,0.3880,0.3880,0.0849,0.0849,0.0121,0.0121,0.0011,0.0011,0.0001
9,3,14,0.9722,0.3880,0.3880,0.0849,0.0849,0.0121,0.0121,0.0011,0.0011,0.0001
10,3,1,0.4861,0.3880,0.0849,0.0121,0.0011,0.0001,0.0000,0.0000,0.0000,0.0000
10,3,2,0.9722,0.3880,0.3880,0.0849,0.0849,0.0121,0.0121,0.0011,0.0011,0.0001
10,3,3,0.9722,0.3880,0.3880,0.0849,0.0849,0.0121,0.0121,0.0011,0.0011,0.0001
10,3,4,0.9722,0.3880,0.3880,0.0849,0.0849,0.0121,0.0121,0.0011,0.0011,0.0001
10,3,5,0.9722,0.3880,0.3880,0.0849,0.0849,0.0121,0.0121,0.0011,0.0011,0.0001
10,3,6,0.9722,0.3880,0.3880,0.0849,0.0849,0.0121,0.0121,0.0011,0.0011,0.0001
10,3,7,0.9722,0.3880,0.3880,0.0849,0.0849,0.0121,0.0121,0.0011,0.0011,0.0001
10,3,8,0.9722,0.3880,0.3880,0.0849,0.0849,0.0121,0.0121,0.0011,0.0011,0.0001
10,3,9,0.9722,0.3880,0.3880,0.0849,0.0849,0.0121,0.0121,0.0011,0.0011,0.0001
10,3,10,0.9722,0.3880,0.3880,0.0849,0.0849,0.0121,0.0121,0.0011,0.0011,0.0001
10,3,11,0.9722,0.3880,0.3880,0.0849,0.0849,0.0121,0.0121,0.0011,0.0011,0.0001
10,3,12,0.9722,0.3880,0.3880,0.0849,0.0849,0.0121,0.0121,0.0011,0.0011,0.0001
10,3,13,0.9722,0.3880,0.3880,0.0849,0.0849,0.0121,0.0121,0.0011,0.0011,0.0001
10,3,14,0.9722,0.3880,0.3880,0.0849,0.0849,0.0121,0.0121,0.0011,0.0011,0.0001
11,3,1,0.4861,0.3880,0.0849,0.0121,0.0011,0.0001,0.0000,0.0000,0.0000,0.0000
11,3,2,0.9722,0.3880,0.3880,0.0849,0.0849,0.0121,0.0121,0.0011,0.0011,0.0001
11,3,3,0.9722,0.3880,0.3880,0.0849,0.0849,0.0121,0.0121,0.0011,0.0011,0.0001
11,3,4,0.9722,0.3880,0.3880,0.0849,0.0849,0.0121,0.0121,0.0011,0.0011,0.0001
11,3,5,0.9722,0.3880,0.3880,0.0849,0.0849,0.0121,0.0121,0.0011,0.0011,0.0001
11,3,6,0.9722,0.3880,0.3880,0.0849,0.0849,0.0121,0.0121,0.0011,0.0011,0.0001
11,3,7,0.9722,0.3880,0.3880,0.0849,0.0849,0.0121,0.0121,0.0011,0.0011,0.0001
11,3,8,0.9722,0.3880,0.3880,0.0849,0.0849,0.0121,0.0121,0.0011,0.0011,0.0001
11,3,9,0.9722,0.3880,0.3880,0.0849,0.0849,0.0121,0.0121,0.0011,0.0011,0.0001
11,3,10,0.9722,0.3880,0.3880,0.0849,0.0849,0.0121,0.0121,0.0011,0.0011,0.0001
11,3,11,0.9722,0.3880,0.3880,0.0849,0.0849,0.0121,0.0121,0.0011,0.0011,0.0001
11,3,12,0.9722,0.3880,0.3880,0.0849,0.0849,0.0121,0.0121,0.0011,0.0011,0.0001
11,3,13,0.9722,0.3880,0.3880,0.0849,0.0849,0.0121,0.0121,0.0011,0.0011,0.0001
11,3,14,0.9722,0.3880,0.3880,0.0849,0.0849,0.0121,0.0121,0.0011,0.0011,0.0001
12,3,1,0.4861,0.3880,0.0849,0.0121,0.0011,0.0001,0.0000,0.0000,0.0000,0.0000
12,3,2,0.9722,0.3880,0.3880,0.0849,0.0849,0.0121,0.0121,0.0011,0.0011,0.0001
12,3,3,0.9722,0.3880,0.3880,0.0849,0.0849,0.0121,0.0121,0.0011,0.0011,0.0001
12,3,4,0.9722,0.3880,0.3880,0.0849,0.0849,0.0121,0.0121,0.0011,0.0011,0.0001
12,3,5,0.9722,0.3880,0.3880,0.0849,0.0849,0.0121,0.0121,0.0011,0.0011,0.0001
12,3,6,0.9722,0.3880,0.3880,0.0849,0.0849,0.0121,0.0121,0.0011,0.0011,0.0001
12,3,7,0.9722,0.3880,0.3880,0.0849,0.0849,0.0121,0.0121,0.0011,0.0011,0.0001
12,3,8,0.9722,0.3880,0.3880,0.0849,0.0849,0.0121,0.0121,0.0011,0.0011,0.0001
12,3,9,0.9722,0.3880,0.3880,0.0849,0.0849,0.0121,0.0121,0.0011,0.0011,0.0001
12,3,10,0.9722,0.3880,0.3880,0.0849,0.0849,0.0121,0.0121,0.0011,0.0011,0.0001
12,3,11,0.9722,0.3880,0.3880,0.0849,0.0849,0.0121,0.0121,0.0011,0.0011,0.0001
12,3,12,0.9722,0.3880,0.3880,0.0849,0.0849,0.0121,0.0121,0.0011,0.0011,0.0001
12,3,13,0.9722,0.3880,0.3880,0.0849,0.0849,0.0121,0.0121,0.0011,0.0011,0.0001
12,3,14,0.9722,0.3880,0.3880,0.0849,0.0849,0.0121,0.0121,0.0011,0.0011,0.0001
13,3,1,0.4861,0.3880,0.0849,0.0121,0.0011,0.0001,0.0000,0.0000,0.0000,0.0000
13,3,2,0.9722,0.3880,0.3880,0.0849,0.0849,0.0121,0.0121,0.0011,0.0011,0.0001
13,3,3,0.9722,0.3880,0.3880,0.0849,0.0849,0.0121,0.0121,0.0011,0.0011,0.0001
13,3,4,0.9722,0.3880,0.3880,0.0849,0.0849,0.0121,0.0121,0.0011,0.0011,0.0001
13,3,5,0.9722,0.3880,0.3880,0.0849,0.0849,0.0121,0.0121,0.0011,0.0011,0.0001
13,3,6,0.9722,0.3880,0.3880,0.0849,0.0849,0.0121,0.0121,0.0011,0.0011,0.0001
13,3,7,0.9722,0.3880,0.3880,0.0849,0.0849,0.0121,0.0121,0.0011,0.0011,0.0001
13,3,8,0.9722,0.3880,0.3880,0.0849,0.0849,0.0121,0.0121,0.0011,0.0011,0.0001
13,3,9,0.9722,0.3880,0.3880,0.0849,0.0849,0.0121,0.0121,0.0011,0.0011,0.0001
13,3,10,0.9722,0.3880,0.3880,0.0849,0.0849,0.0121,0.0121,0.0011,0.0011,0.0001
13,3,11,0.9722,0.3880,0.3880,0.0849,0.0849,0.0121,0.0121,0.0011,0.0011,0.0001
13,3,12,0.9722,0.3880,0.3880,0.0849,0.0849,0.0121,0.0121,0.0011,0.0011,0.0001
13,3,13,0.9722,0.3880,0.3880,0.0849,0.0849,0.0121,0.0121,0.0011,0.0011,0.0001
13,3,14,0.9722,0.3880,0.3880,0.0849,0.0849,0.0121,0.0121,0.0011,0.0011,0.0001
14,3,1,0.2431,0.2168,0.0245,0.0017,0.0001,0.0000,0.0000,0.0000,0.0000,0.0000
14,3,2,0.4861,0.2168,0.2168,0.0245,0.0245,0.0017,0.0017,0.0001,0.0001,0.0000
14,3,3,0.4861,0.2168,0.2168,0.0245,0.0245,0.0017,0.0017,0.0001,0.0001,0.0000
14,3,4,0.4861,0.2168,0.2168,0.0245,0.0245,0.0017,0.0017,0.0001,0.0001,0.0000
14,3,5,0.4861,0.2168,0.2168,0.0245,0.0245,0.0017,0.0017,0.0001,0.0001,0.0000
14,3,6,0.4861,0.2168,0.2168,0.0245,0.0245,0.0017,0.0017,0.0001,0.0001,0.0000
14,3,7,0.4861,0.2168,0.2168,0.0245,0.0245,0.0017,0.0017,0.0001,0.0001,0.0000
14,3,8,0.4861,0.2168,0.2168,0.0245,0.0245,0.0017,0.0017,0.0001,0.0001,0.0000
14,3,9,0.4861,0.2168,0.2168,0.0245,0.0245,0.0017,0.0017,0.0001,0.0001,0.0000
14,3,10,0.4861,0.2168,0.2168,0.0245,0.0245,0.0017,0.0017,0.0001,0.0001,0.0000
14,3,11,0.4861,0.2168,0.2168,0.0245,0.0245,0.0017,0.0017,0.0001,0.0001,0.0000
14,3,12,0.4861,0.2168,0.2168,0.0245,0.0245,0.0017,0.0017,0.0001,0.0001,0.0000
14,3,13,0.4861,0.2168,0.2168,0.0245,0.0245,0.0017,0.0017,0.0001,0.0001,0.0000
14,3,14,0.4861,0.2168,0.2168,0.0245,0.0245,0.0017,0.0017,0.0001,0.0001,0.0000
2,2,1,0.8102,0.5607,0.1950,0.0466,0.0072,0.0006,0.0000,0.0000,0.0000,0.0000
2,2,2,1.6204,0.5607,0.5607,0.1950,0.1950,0.0466,0.0466,0.0072,0.0072,0.0006
2,2,3,1.6204,0.5607,0.5607,0.1950,0.1950,0.0466,0.0466,0.0072,0.0072,0.0006
2,2,4,1.6204,0.5607,0.5607,0.1950,0.1950,0.0466,0.0466,0.0072,0.0072,0.0006
2,2,5,1.6204,0.5607,0.5607,0.1950,0.1950,0.0466,0.0466,0.0072,0.0072,0.0006
2,2,6,1.6204,0.5607,0.5607,0.1950,0.1950,0.0466,0.0466,0.0072,0.0072,0.0006
2,2,7,1.6204,0.5607,0.5607,0.1950,0.1950,0.0466,0.0466,0.0072,0.0072,0.0006
2,2,8,1.6204,0.5607,0.5607,0.1950,0.1950,0.0466,0.0466,0.0072,0.0072,0.0006
2,2,9,1.6204,0.5607,0.5607,0.1950,0.1950,0.0466,0.0466,0.0072,0.0072,0.0006
2,2,10,1.6204,0.5607,0.5607,0.1950,0.1950,0.0466,0.0466,0.0072,0.0072,0.0006
2,2,11,1.6204,0.5607,0.5607,0.1950,0.1950,0.0466,0.0466,0.0072,0.0072,0.0006
2,2,12,1.6204,0.5607,0.5607,0.1950,0.1950,0.0466,0.0466,0.0072,0.0072,0.0006
2,2,13,1.6204,0.5607,0.5607,0.1950,0.1950,0.0466,0.0466,0.0072,0.0072,0.0006
2,2,14,1.6204,0.5607,0.5607,0.1950,0.1950,0.0466,0.0466,0.0072,0.0072,0.0006
3,2,1,0.8102,0.5607,0.1950,0.0466,0.0072,0.0006,0.0000,0.0000,0.0000,0.0000
3,2,2,1.6204,0.5607,0.5607,0.1950,0.1950,0.0466,0.0466,0.0072,0.0072,0.0006
3,2,3,1.6204,0.5607,0.5607,0.1950,0.1950,0.0466,0.0466,0.0072,0.0072,0.0006
3,2,4,1.6204,0.5607,0.5607,0.1950,0.1950,0.0466,0.0466,0.0072,0.0072,0.0006
3,2,5,1.6204,0.5607,0.5607,0.1950,0.1950,0.0466,0.0466,0.0072,0.0072,0.0006
3,2,6,1.6204,0.5607,0.5607,0.1950,0.1950,0.0466,0.0466,0.0072,0.0072,0.0006
3,2,7,1.6204,0.5607,0.5607,0.1950,0.1950,0.0466,0.0466,0.0072,0.0072,0.0006
3,2,8,1.6204,0.5607,0.5607,0.1950,0.1950,0.0466,0.0466,0.0072,0.0072,0.0006
3,2,9,1.6204,0.5607,0.5607,0.1950,0.1950,0.0466,0.0466,0.0072,0.0072,0.0006
3,2,10,1.6204,0.5607,0.5607,0.1950,0.1950,0.0466,0.0466,0.0072,0.0072,0.0006
3,2,11,1.6204,0.5607,0.5607,0.1950,0.1950,0.0466,0.0466,0.0072,0.0072,0.0006
3,2,12,1.6204,0.5607,0.5607,0.1950,0.1950,0.0466,0.0466,0.0072,0.0072,0.0006
3,2,13,1.6204,0.5607,0.5607,0.1950,0.1950,0.0466,0.0466,0.0072,0.0072,0.0006
3,2,14,1.6204,0.5607,0.5607,0.1950,0.1950,0.0466,0.0466,0.0072,0.0072,0.0006
4,2,1,0.6481,0.4813,0.1373,0.0262,0.0032,0.0002,0.0000,0.0000,0.0000,0.0000
4,2,2,1.2963,0.4813,0.4813,0.1373,0.1373,0.0262,0.0262,0.0032,0.0032,0.0002
4,2,3,1.2963,0.4813,0.4813,0.1373,0.1373,0.0262,0.0262,0.0032,0.0032,0.0002
4,2,4,1.2963,0.4813,0.4813,0.1373,0.1373,0.0262,0.0262,0.0032,0.0032,0.0002
4,2,5,1.2963,0.4813,0.4813,0.1373,0.1373,0.0262,0.0262,0.0032,0.0032,0.0002
4,2,6,1.2963,0.4813,0.4813,0.1373,0.1373,0.0262,0.0262,0.0032,0.0032,0.0002
4,2,7,1.2963,0.4813,0.4813,0.1373,0.1373,0.0262,0.0262,0.0032,0.0032,0.0002
4,2,8,1.2963,0.4813,0.4813,0.1373,0.1373,0.0262,0.0262,0.0032,0.0032,0.0002
4,2,9,1.2963,0.4813,0.4813,0.1373,0.1373,0.0262,0.0262,0.0032,0.0032,0.0002
4,2,10,1.2963,0.4813,0.4813,0.1373,0.1373,0.0262,0.0262,0.0032,0.0032,0.0002
4,2,11,1.2963,0.4813,0.4813,0.1373,0.1373,0.0262,0.0262,0.0032,0.0032,0.0002
4,2,12,1.2963,0.4813,0.4813,0.1373,0.1373,0.0262,0.0262,0.0032,0.0032,0.0002
4,2,13,1.2963,0.4813,0.4813,0.1373,0.1373,0.0262,0.0262,0.0032,0.0032,0.0002
4,2,14,1.2963,0.4813,0.4813,0.1373,0.1373,0.0262,0.0262,0.0032,0.0032,0.0002
5,2,1,0.6481,0.4813,0.1373,0.0262,0.0032,0.0002,0.0000,0.0000,0.0000,0.0000
5,2,2,1.2963,0.4813,0.4813,0.1373,0.1373,0.0262,0.0262,0.0032,0.0032,0.0002
5,2,3,1.2963,0.4813,0.4813,0.1373,0.1373,0.0262,0.0262,0.0032,0.0032,0.0002
5,2,4,1.2963,0.4813,0.4813,0.1373,0.1373,0.0262,0.0262,0.0032,0.0032,0.0002
5,2,5,1.2963,0.4813,0.4813,0.1373,0.1373,0.0262,0.0262,0.0032,0.0032,0.0002
5,2,6,1.2963,0.4813,0.4813,0.1373,0.1373,0.0262,0.0262,0.0032,0.0032,0.0002
5,2,7,1.2963,0.4813,0.4813,0.1373,0.1373,0.0262,0.0262,0.0032,0.0032,0.0002
5,2,8,1.2963,0.4813,0.4813,0.1373,0.1373,0.0262,0.0262,0.0032,0.0032,0.0002
5,2,9,1.2963,0.4813,0.4813,0.1373,0.1373,0.0262,0.0262,0.0032,0.0032,0.0002
5,2,10,1.2963,0.4813,0.4813,0.1373,0.1373,0.0262,0.0262,0.0032,0.0032,0.0002
5,2,11,1.2963,0.4813,0.4813,0.1373,0.1373,0.0262,0.0262,0.0032,0.0032,0.0002
5,2,12,1.2963,0.4813,0.4813,0.1373,0.1373,0.0262,0.0262,0.0032,0.0032,0.0002
5,2,13,1.2963,0.4813,0.4813,0.1373,0.1373,0.0262,0.0262,0.0032,0.0032,0.0002
5,2,14,1.2963,0.4813,0.4813,0.1373,0.1373,0.0262,0.0262,0.0032,0.0032,0.0002
6,2,1,0.6481,0.4813,0.1373,0.0262,0.0032,0.0002,0.0000,0.0000,0.0000,0.0000
6,2,2,1.2963,0.4813,0.4813,0.1373,0.1373,0.0262,0.0262,0.0032,0.0032,0.0002
6,2,3,1.2963,0.4813,0.4813,0.1373,0.1373,0.0262,0.0262,0.0032,0.0032,0.0002
6,2,4,1.2963,0.4813,0.4813,0.1373,0.1373,0.0262,0.0262,0.0032,0.0032,0.0002
6,2,5,1.2963,0.4813,0.4813,0.1373,0.1373,0.0262,0.0262,0.0032,0.0032,0.0002
6,2,6,1.2963,0.4813,0.4813,0.1373,0.1373,0.0262,0.0262,0.0032,0.0032,0.0002
6,2,7,1.2963,0.4813,0.4813,0.1373,0.1373,0.0262,0.0262,0.0032,0.0032,0.0002
6,2,8,1.2963,0.4813,0.4813,0.1373,0.1373,0.0262,0.0262,0.0032,0.0032,0.0002
6,2,9,1.2963,0.4813,0.4813,0.1373,0.1373,0.0262,0.0262,0.0032,0.0032,0.0002
6,2,10,1.2963,0.4813,0.4813,0.1373,0.1373,0.0262,0.0262,0.0032,0.0032,0.0002
6,2,11,1.2963,0.4813,0.4813,0.1373,0.1373,0.0262,0.0262,0.0032,0.0032,0.0002
6,2,12,1.2963,0.4813,0.4813,0.1373,0.1373,0.0262,0.0262,0.0032,0.0032,0.0002
6,2,13,1.2963,0.4813,0.4813,0.1373,0.1373,0.0262,0.0262,0.0032,0.0032,0.0002
6,2,14,1.2963,0.4813,0.4813,0.1373,0.1373,0.0262,0.0262,0.0032,0.0032,0.0002
7,2,1,0.4861,0.3880,0.0849,0.0121,0.0011,0.0001,0.0000,0.0000,0.0000,0.0000
7,2,2,0.9722,0.3880,0.3880,0.0849,0.0849,0.0121,0.0121,0.0011,0.0011,0.0001
7,2,3,0.9722,0.3880,0.3880,0.0849,0.0849,0.0121,0.0121,0.0011,0.0011,0.0001
7,2,4,0.9722,0.3880,0.3880,0.0849,0.0849,0.0121,0.0121,0.0011,0.0011,0.0001
7,2,5,0.9722,0.3880,0.3880,0.0849,0.0849,0.0121,0.0121,0.0011,0.0011,0.0001
7,2,6,0.9722,0.3880,0.3880,0.0849,0.0849,0.0121,0.0121,0.0011,0.0011,0.0001
7,2,7,0.9722,0.3880,0.3880,0.0849,0.0849,0.0121,0.0121,0.0011,0.0011,0.0001
7,2,8,0.9722,0.3880,0.3880,0.0849,0.0849,0.0121,0.0121,0.0011,0.0011,0.0001
7,2,9,0.9722,0.3880,0.3880,0.0849,0.0849,0.0121,0.0121,0.0011,0.0011,0.0001
7,2,10,0.9722,0.3880,0.3880,0.0849,0.0849,0.0121,0.0121,0.0011,0.0011,0.0001
7,2,11,0.9722,0.3880,0.3880,0.0849,0.0849,0.0121,0.0121,0.0011,0.0011,0.0001
7,2,12,0.9722,0.3880,0.3880,0.0849,0.0849,0.0121,0.0121,0.0011,0.0011,0.0001
7,2,13,0.9722,0.3880,0.3880,0.0849,0.0849,0.0121,0.0121,0.0011,0.0011,0.0001
7,2,14,0.9722,0.3880,0.3880,0.0849,0.0849,0.0121,0.0121,0.0011,0.0011,0.0001
8,2,1,0.3241,0.2784,0.0415,0.0039,0.0002,0.0000,0.0000,0.0000,0.0000,0.0000
8,2,2,0.6481,0.2784,0.2784,0.0415,0.0415,0.0039,0.0039,0.0002,0.0002,0.0000
8,2,3,0.6481,0.2784,0.2784,0.0415,0.0415,0.0039,0.0039,0.0002,0.0002,0.0000
8,2,4,0.6481,0.2784,0.2784,0.0415,0.0415,0.0039,0.0039,0.0002,0.0002,0.0000
8,2,5,0.6481,0.2784,0.2784,0.0415,0.0415,0.0039,0.0039,0.0002,0.0002,0.0000
8,2,6,0.6481,0.2784,0.2784,0.0415,0.0415,0.0039,0.0039,0.0002,0.0002,0.0000
8,2,7,0.6481,0.2784,0.2784,0.0415,0.0415,0.0039,0.0039,0.0002,0.0002,0.0000
8,2,8,0.6481,0.2784,0.2784,0.0415,0.0415,0.0039,0.0039,0.0002,0.0002,0.0000
8,2,9,0.6481,0.2784,0.2784,0.0415,0.0415,0.0039,0.0039,0.0002,0.0002,0.0000
8,2,10,0.6481,0.2784,0.2784,0.0415,0.0415,0.0039,0.0039,0.0002,0.0002,0.0000
8,2,11,0.6481,0.2784,0.2784,0.0415,0.0415,0.0039,0.0039,0.0002,0.0002,0.0000
8,2,12,0.6481,0.2784,0.2784,0.0415,0.0415,0.0039,0.0039,0.0002,0.0002,0.0000
8,2,13,0.6481,0.2784,0.2784,0.0415,0.0415,0.0039,0.0039,0.0002,0.0002,0.0000
8,2,14,0.6481,0.2784,0.2784,0.0415,0.0415,0.0039,0.0039,0.0002,0.0002,0.0000
9,2,1,0.3241,0.2784,0.0415,0.0039,0.0002,0.0000,0.0000,0.0000,0.0000,0.0000
9,2,2,0.6481,0.2784,0.2784,0.0415,0.0415,0.0039,0.0039,0.0002,0.0002,0.0000
9,2,3,0.6481,0.2784,0.2784,0.0415,0.0415,0.0039,0.0039,0.0002,0.0002,0.0000
9,2,4,0.6481,0.2784,0.2784,0.0415,0.0415,0.0039,0.0039,0.0002,0.0002,0.0000
9,2,5,0.6481,0.2784,0.2784,0.0415,0.0415,0.0039,0.0039,0.0002,0.0002,0.0000
9,2,6,0.6481,0.2784,0.2784,0.0415,0.0415,0.0039,0.0039,0.0002,0.0002,0.0000
9,2,7,0.6481,0.2784,0.2784,0.0415,0.0415,0.0039,0.0039,0.0002,0.0002,0.0000
9,2,8,0.6481,0.2784,0.2784,0.0415,0.0415,0.0039,0.0039,0.0002,0.0002,0.0000
9,2,9,0.6481,0.2784,0.2784,0.0415,0.0415,0.0039,0.0039,0.0002,0.0002,0.0000
9,2,10,0.6481,0.2784,0.2784,0.0415,0.0415,0.0039,0.0039,0.0002,0.0002,0.0000
9,2,11,0.6481,0.2784,0.2784,0.0415,0.0415,0.0039,0.0039,0.0002,0.0002,0.0000
9,2,12,0.6481,0.2784,0.2784,0.0415,0.0415,0.0039,0.0039,0.0002,0.0002,0.0000
9,2,13,0.6481,0.2784,0.2784,0.0415,0.0415,0.0039,0.0039,0.0002,0.0002,0.0000
9,2,14,0.6481,0.2784,0.2784,0.0415,0.0415,0.0039,0.0039,0.0002,0.0002,0.0000
10,2,1,0.3241,0.2784,0.0415,0.0039,0.0002,0.0000,0.0000,0.0000,0.0000,0.0000
10,2,2,0.6481,0.2784,0.2784,0.0415,0.0415,0.0039,0.0039,0.0002,0.0002,0.0000
10,2,3,0.6481,0.2784,0.2784,0.0415,0.0415,0.0039,0.0039,0.0002,0.0002,0.0000
10,2,4,0.6481,0.2784,0.2784,0.0415,0.0415,0.0039,0.0039,0.0002,0.0002,0.0000
10,2,5,0.6481,0.2784,0.2784,0.0415,0.0415,0.0039,0.0039,0.0002,0.0002,0.0000
10,2,6,0.6481,0.2784,0.2784,0.0415,0.0415,0.0039,0.0039,0.0002,0.0002,0.0000
10,2,7,0.6481,0.2784,0.2784,0.0415,0.0415,0.0039,0.0039,0.0002,0.0002,0.0000
10,2,8,0.6481,0.2784,0.2784,0.0415,0.0415,0.0039,0.0039,0.0002,0.0002,0.0000
10,2,9,0.6481,0.2784,0.2784,0.0415,0.0415,0.0039,0.0039,0.0002,0.0002,0.0000
10,2,10,0.6481,0.2784,0.2784,0.0415,0.0415,0.0039,0.0039,0.0002,0.0002,0.0000
10,2,11,0.6481,0.2784,0.2784,0.0415,0.0415,0.0039,0.0039,0.0002,0.0002,0.0000
10,2,12,0.6481,0.2784,0.2784,0.0415,0.0415,0.0039,0.0039,0.0002,0.0002,0.0000
10,2,13,0.6481,0.2784,0.2784,0.0415,0.0415,0.0039,0.0039,0.0002,0.0002,0.0000
10,2,14,0.6481,0.2784,0.2784,0.0415,0.0415,0.0039,0.0039,0.0002,0.0002,0.0000
11,2,1,0.3241,0.2784,0.0415,0.0039,0.0002,0.0000,0.0000,0.0000,0.0000,0.0000
11,2,2,0.6481,0.2784,0.2784,0.0415,0.0415,0.0039,0.0039,0.0002,0.0002,0.0000
11,2,3,0.6481,0.2784,0.2784,0.0415,0.0415,0.0039,0.0039,0.0002,0.0002,0.0000
11,2,4,0.6481,0.2784,0.2784,0.0415,0.0415,0.0039,0.0039,0.0002,0.0002,0.0000
11,2,5,0.6481,0.2784,0.2784,0.0415,0.0415,0.0039,0.0039,0.0002,0.0002,0.0000
11,2,6,0.6481,0.2784,0.2784,0.0415,0.0415,0.0039,0.0039,0.0002,0.0002,0.0000
11,2,7,0.6481,0.2784,0.2784,0.0415,0.0415,0.0039,0.0039,0.0002,0.0002,0.0000
11,2,8,0.6481,0.2784,0.2784,0.0415,0.0415,0.0039,0.0039,0.0002,0.0002,0.0000
11,2,9,0.6481,0.2784,0.2784,0.0415,0.0415,0.0039,0.0039,0.0002,0.0002,0.0000
11,2,10,0.6481,0.2784,0.2784,0.0415,0.0415,0.0039,0.0039,0.0002,0.0002,0.0000
11,2,11,0.6481,0.2784,0.2784,0.0415,0.0415,0.0039,0.0039,0.0002,0.0002,0.0000
11,2,12,0.6481,0.2784,0.2784,0.0415,0.0415,0.0039,0.0039,0.0002,0.0002,0.0000
11,2,13,0.6481,0.2784,0.2784,0.0415,0.0415,0.0039,0.0039,0.0002,0.0002,0.0000
11,2,14,0.6481,0.2784,0.2784,0.0415,0.0415,0.0039,0.0039,0.0002,0.0002,0.0000
12,2,1,0.3241,0.2784,0.0415,0.0039,0.0002,0.0000,0.0000,0.0000,0.0000,0.0000
12,2,2,0.6481,0.2784,0.2784,0.0415,0.0415,0.0039,0.0039,0.0002,0.0002,0.0000
12,2,3,0.6481,0.2784,0.2784,0.0415,0.0415,0.0039,0.0039,0.0002,0.0002,0.0000
12,2,4,0.6481,0.2784,0.2784,0.0415,0.0415,0.0039,0.0039,0.0002,0.0002,0.0000
12,2,5,0.6481,0.2784,0.2784,0.0415,0.0415,0.0039,0.0039,0.0002,0.0002,0.0000
12,2,6,0.6481,0.2784,0.2784,0.0415,0.0415,0.0039,0.0039,0.0002,0.0002,0.0000
12,2,7,0.6481,0.2784,0.2784,0.0415,0.0415,0.0039,0.0039,0.0002,0.0002,0.0000
12,2,8,0.6481,0.2784,0.2784,0.0415,0.0415,0.0039,0.0039,0.0002,0.0002,0.0000
12,2,9,0.6481,0.2784,0.2784,0.0415,0.0415,0.0039,0.0039,0.0002,0.0002,0.0000
12,2,10,0.6481,0.2784,0.2784,0.0415,0.0415,0.0039,0.0039,0.0002,0.0002,0.0000
12,2,11,0.6481,0.2784,0.2784,0.0415,0.0415,0.0039,0.0039,0.0002,0.0002,0.0000
12,2,12,0.6481,0.2784,0.2784,0.0415,0.0415,0.0039,0.0039,0.0002,0.0002,0.0000
12,2,13,0.6481,0.2784,0.2784,0.0415,0.0415,0.0039,0.0039,0.0002,0.0002,0.0000
12,2,14,0.6481,0.2784,0.2784,0.0415,0.0415,0.0039,0.0039,0.0002,0.0002,0.0000
13,2,1,0.3241,0.2784,0.0415,0.0039,0.0002,0.0000,0.0000,0.0000,0.0000,0.0000
13,2,2,0.6481,0.2784,0.2784,0.0415,0.0415,0.0039,0.0039,0.0002,0.0002,0.0000
13,2,3,0.6481,0.2784,0.2784,0.0415,0.0415,0.0039,0.0039,0.0002,0.0002,0.0000
13,2,4,0.6481,0.2784,0.2784,0.0415,0.0415,0.0039,0.0039,0.0002,0.0002,0.0000
13,2,5,0.6481,0.2784,0.2784,0.0415,0.0415,0.0039,0.0039,0.0002,0.0002,0.0000
13,2,6,0.6481,0.2784,0.2784,0.0415,0.0415,0.0039,0.0039,0.0002,0.0002,0.0000
13,2,7,0.6481,0.2784,0.2784,0.0415,0.0415,0.0039,0.0039,0.0002,0.0002,0.0000
13,2,8,0.6481,0.2784,0.2784,0.0415,0.0415,0.0039,0.0039,0.0002,0.0002,0.0000
13,2,9,0.6481,0.2784,0.2784,0.0415,0.0415,0.0039,0.0039,0.0002,0.0002,0.0000
13,2,10,0.6481,0.2784,0.2784,0.0415,0.0415,0.0039,0.0039,0.0002,0.0002,0.0000
13,2,11,0.6481,0.2784,0.2784,0.0415,0.0415,0.0039,0.0039,0.0002,0.0002,0.0000
13,2,12,0.6481,0.2784,0.2784,0.0415,0.0415,0.0039,0.0039,0.0002,0.0002,0.0000
13,2,13,0.6481,0.2784,0.2784,0.0415,0.0415,0.0039,0.0039,0.0002,0.0002,0.0000
13,2,14,0.6481,0.2784,0.2784,0.0415,0.0415,0.0039,0.0039,0.0002,0.0002,0.0000
14,2,1,0.1620,0.1501,0.0114,0.0005,0.0000,0.0000,0.0000,0.0000,0.0000,0.0000
14,2,2,0.3241,0.1501,0.1501,0.0114,0.0114,0.0005,0.0005,0.0000,0.0000,0.0000
14,2,3,0.3241,0.1501,0.1501,0.0114,0.0114,0.0005,0.0005,0.0000,0.0000,0.0000
14,2,4,0.3241,0.1501,0.1501,0.0114,0.0114,0.0005,0.0005,0.0000,0.0000,0.0000
14,2,5,0.3241,0.1501,0.1501,0.0114,0.0114,0.0005,0.0005,0.0000,0.0000,0.0000
14,2,6,0.3241,0.1501,0.1501,0.0114,0.0114,0.0005,0.0005,0.0000,0.0000,0.0000
14,2,7,0.3241,0.1501,0.1501,0.0114,0.0114,0.0005,0.0005,0.0000,0.0000,0.0000
14,2,8,0.3241,0.1501,0.1501,0.0114,0.0114,0.0005,0.0005,0.0000,0.0000,0.0000
14,2,9,0.3241,0.1501,0.1501,0.0114,0.0114,0.0005,0.0005,0.0000,0.0000,0.0000
14,2,10,0.3241,0.1501,0.1501,0.0114,0.0114,0.0005,0.0005,0.0000,0.0000,0.0000
14,2,11,0.3241,0.1501,0.1501,0.0114,0.0114,0.0005,0.0005,0.0000,0.0000,0.0000
14,2,12,0.3241,0.1501,0.1501,0.0114,0.0114,0.0005,0.0005,0.0000,0.0000,0.0000
14,2,13,0.3241,0.1501,0.1501,0.0114,0.0114,0.0005,0.0005,0.0000,0.0000,0.0000
14,2,14,0.3241,0.1501,0.1501,0.0114,0.0114,0.0005,0.0005,0.0000,0.0000,0.0000
